Address,Address Tag,Type,Token Balance,Percentage,Date Times,Txhash,Value (USD),From,To,Transfer Type,沉淀地址
0x0aff6665bb45bf349489b20e225a6c5d78e2280f,-,Eoa,78.3,1.85%,2024/7/25 8:30,0xbda91e2a355f7fb669a8ab432393b9a78f0ee0b6ae7c4a71f4cf0b39b6bb3f42,31910.48282,0x111111125421ca6dc452d289314280a0f8842a65,0x0aff6665bb45bf349489b20e225a6c5d78e2280f,in,
0x1680ed6a1fe73c673e778705355212235dec3242,-,Eoa,48.58,1.14%,2023/12/18 9:02,0x9546263aebe912ed8fb56ed62ba47e59de5498c9f9d6704623ae5bf025a1f003,169160.2881,0x1680ed6a1fe73c673e778705355212235dec3242,0xad6291550853f51ed0d239822895bd6858128776,out,是
0x8d99c3869db95264ed9d1505c3935578bd680856,-,Eoa,26,0.61%,2024/8/5 2:16,0x92e73a13465e70e8ce2dcd40e87a577e70f58f73a9ff6d60df4776edeb0b1a8c,59605.42,0xec7be89e9d109e7e3fec59c222cf297125fefda2,0x8d99c3869db95264ed9d1505c3935578bd680856,in,
0x0f9b2f4303124d35e3d32c6ff33caa57602d90bc,-,Eoa,23.52,0.55%,2023/5/17 9:08,0xe77d082e60e8e81bbc4f1428e185618427b28064c984eaf0a1d2cd3cad784614,14903.13184,0xeef1a9507b3d505f0062f2be9453981255b503c8,0x0f9b2f4303124d35e3d32c6ff33caa57602d90bc,in,是
0x20ab693e8f542fd38ee89f6b719e521f2bc81ddd,-,Eoa,12.98,0.30%,2024/1/29 8:37,0x14d27db86a87fecf954f8cf437268fa7009387bd770750a64ea38e3c9e14637d,774843.6113,0x078f358208685046a11c85e8ad32895ded33a249,0x20ab693e8f542fd38ee89f6b719e521f2bc81ddd,in,
0x74f6398c2cc8b6b352cdbade3ed6788cefa477b1,-,Eoa,11.87,0.28%,2023/3/22 18:22,0x90c64bbb56cbb8f3463d5b03a44d52c7664c87585b1339381644c8fcfd6be120,707982.3663,0x4c60051384bd2d3c01bfc845cf5f4b44bcbe9de5,0x74f6398c2cc8b6b352cdbade3ed6788cefa477b1,in,是
0x5b49f5b5fbd3389e17a9be570926e6a900de7682,-,Eoa,11.24,0.26%,2024/1/3 16:42,0xcac29d318f3740b47eef722fc425de6322828f234a85962ffbcccc6ce07f8c40,74112.29918,0xaf304d0371ac4cb628aa7e7f0ae46ddde1ece1c0,0x5b49f5b5fbd3389e17a9be570926e6a900de7682,in,
0x8fe02545e479aa8ba77d84e51b1d9ca17b88011a,-,Eoa,10.42,0.24%,2023/8/4 17:13,0x66c6bb3b42828e9d49b0f2e7c53f4a4ef99f77a370e5669d0a0377bb5248758d,549385.7007,0xa508faad34e58db071f6ff7d86b5d2e65102b1e2,0x8fe02545e479aa8ba77d84e51b1d9ca17b88011a,in,是
0x3d64cfeef2b66add5191c387e711af47ab01e296,-,Eoa,9.91,0.23%,2023/7/27 6:15,0xe984ae40bc9120270270bb94525e7f47e0fba3cbbda8c38ef086e474d5842327,246059.0554,0x1e8ae092651e7b14e4d0f93611267c5be19b8b9f,0x3d64cfeef2b66add5191c387e711af47ab01e296,in,是
0xa8a83c0a6fabadf21dbb1da1d9b24455c56f5573,TThanos__,Eoa,9.43,0.22%,2022/9/7 2:02,0x29d411820da04da10cc49c2163e9be5703792b5bd29a575caa6b23c96b73d47d,562920.1532,0x68b3465833fb72a70ecdf485e0e4c7bd8665fc45,0xa8a83c0a6fabadf21dbb1da1d9b24455c56f5573,in,是
0xf8116b3dbea89f6db0dd03cbd1b654e0a3803031,-,Eoa,8.45,0.19%,2024/8/5 8:44,0x44cf1543e4ab178a354b2a7c0f573f80d64de9b41d9066c3f045720023a98bd5,444060.4928,0xf8116b3dbea89f6db0dd03cbd1b654e0a3803031,0x078f358208685046a11c85e8ad32895ded33a249,out,
0x96c965cfda2b97825e958d4464753a3dd4369c69,-,Eoa,8,0.18%,2024/8/5 5:07,0x311808a564a15a5cfb99e0682804079caaabd966723867ce9ef95ca50d1712f8,598825.7245,0x96c965cfda2b97825e958d4464753a3dd4369c69,0x078f358208685046a11c85e8ad32895ded33a249,out,
0xd1808748b8653fca371e3033c4a23d7354410b37,-,Eoa,7.58,0.17%,2023/5/16 2:39,0x822a20db88ea2ed9058b3011d7f2b8b3e7fda438b21b57a5cb6f1b5b7c5a3bf3,36955.3604,0xd1808748b8653fca371e3033c4a23d7354410b37,0x463220c8cd8a799f8c559e76ab3533bde05cd539,out,是
0x01eb70aed2b1842a8978e03e7bd0a478508904e7,-,Eoa,7.12,0.16%,2023/8/31 5:37,0x751d9e9e848e6dbbfefe7e7684c364f753f2c15a19bd7fca2a0b06dfe52b9ff1,10712.5555,0xfe343675878100b344802a6763fd373fdeed07a4,0x01eb70aed2b1842a8978e03e7bd0a478508904e7,in,是
0x1eed63efba5f81d95bfe37d82c8e736b974f477b,-,Eoa,7.05,0.16%,2023/7/10 16:13,0x8e46b19b2a469241653c82b9a91dac30891d6ee30676c7c42bd9229eefa108fc,420355.2844,0x2a038e100f8b85df21e4d44121bdbfe0c288a869,0x1eed63efba5f81d95bfe37d82c8e736b974f477b,in,是
0xfbc63b84a9bdc4df041b89f57e75e1151aab9cc4,-,Eoa,6.92,0.16%,2022/6/16 3:22,0xb789102972aada162663f7afa23fa17df5c412430e21ea834f5fbd074f050d3c,403650.8166,0x334b44d283e70ca904daf4b854f8a0c7286a0f12,0xfbc63b84a9bdc4df041b89f57e75e1151aab9cc4,in,是
0x5de34371183cab1af453f9df485d26b1479bf539,-,Eoa,6.82,0.16%,2024/8/8 22:08,0xe849496282164e04f0188b75bca0664fb611e9e8d3c4de164f9144da51fa2e1d,14901.355,0x5de34371183cab1af453f9df485d26b1479bf539,0x078f358208685046a11c85e8ad32895ded33a249,out,
0x2efa0846c0beb5cde474256d1c95ec87ec3342b3,-,Eoa,6.1,0.14%,2024/8/13 6:01,0x710e88b9b7d5c6c30951f17366386203dec69c3724509465d555555d51f6cb4a,19133.33982,0x50eaedb835021e4a108b7290636d62e9765cc6d7,0x2efa0846c0beb5cde474256d1c95ec87ec3342b3,in,
0x5f82c97e9b1755237692a946ae814998bc0e2124,-,Eoa,5.91,0.13%,2024/3/20 20:58,0x3887659f1c7f8f23ec1af90286894fd5ab13e6f4d8e8ffc77c8b56274042e64f,54564.98005,0x078f358208685046a11c85e8ad32895ded33a249,0x5f82c97e9b1755237692a946ae814998bc0e2124,in,
0xa070255f3e89b64bae30005b9c6d738763efc652,-,Eoa,5.75,0.13%,2021/6/13 12:20,0xf969621493181bc87989872690f772645c8e8c3f2aaa979efe7f3647b439b0c6,342978.4578,0x86fa0f83fd5f11589322f688e4fae0cd116241be,0xa070255f3e89b64bae30005b9c6d738763efc652,in,是
0xf7257a5691dbb58c0abed56602ed571474984a1a,-,Eoa,5.73,0.13%,2023/6/11 5:52,0x1ac45696384dc0641c581cd50d5b1688b4bb230b8b738ab8bb8282324c738dea,200801.0355,0x1111111254eeb25477b68fb85ed929f73a960582,0xf7257a5691dbb58c0abed56602ed571474984a1a,in,是
0xcae1b304a284c700d93c861ceebce054d837dbf3,-,Eoa,5.58,0.13%,2024/5/18 1:37,0x81e807469699bed6ffee1a609f5cda9e9e0047e937c93d722f7c75acae51ae23,332896.7148,0x37131aedd3da288467b6ebe9a77c523a700e6ca1,0xcae1b304a284c700d93c861ceebce054d837dbf3,in,
0x9b7874a1eb2a06059084a3886899005f68353926,-,Eoa,5.19,0.12%,2024/8/5 2:01,0x99ef54701b339724fced365f24723697f77a4a4f9371fd3b5d157c619389f850,130939.417,0x9b7874a1eb2a06059084a3886899005f68353926,0x34694a8f46659e18f9494cbd3ad34803f5f1f4b6,out,
0x2c030eff44c19ebeb7b400507718f7021b09119a,-,Eoa,5.19,0.12%,2023/11/14 17:06,0x64357680b1a849be4256e937e38cbc9ca5cff4e2ee0adf1addbd3ff237a5ac02,18293.77662,0xba12222222228d8ba445958a75a0704d566bf2c8,0x2c030eff44c19ebeb7b400507718f7021b09119a,in,是
0x612ee16875fa08c9fdaff7ba108cf763719b9d27,-,Eoa,5.18,0.12%,2023/3/19 16:20,0x22e4a68f0e91b4281fa5166442124793eaaf83dd30ce9ab2c8f46b0bafe01ecd,62240.15182,0xdef171fe48cf0115b1d80b88dc8eab59176fee57,0x612ee16875fa08c9fdaff7ba108cf763719b9d27,in,是
0xe15da02ce658125947c91e063360ec722abb1a77,-,Eoa,5.04,0.11%,2024/4/22 21:13,0x72457cf745e738fa6fe383606fd7174f0d23d74669cd3cdde0ca0d71ffd42e0d,115942.9609,0xec7be89e9d109e7e3fec59c222cf297125fefda2,0xe15da02ce658125947c91e063360ec722abb1a77,in,
0xf751bdb75f20bfb5804719e30cdba29c9e64a5d4,-,Eoa,5,0.11%,2024/1/29 2:41,0xc7672be3cbb208ac926bbb6030f6b875dd6aee9b0a34af54e9d66d005cfb98cd,10132.9214,0xf751bdb75f20bfb5804719e30cdba29c9e64a5d4,0x1a08d64fb4a7d0b6da5606a1e4619c147c3fb95e,out,
0xaade032dc41dbe499debf54cfee86d13358e9afc,-,Eoa,5,0.11%,2021/9/19 7:41,0xbbb3bd5441c22f5dc88896153bbb8cef53a16648221fdeb57f6e1e9832696390,298027.1,0x0000000000000000000000000000000000000000,0xaade032dc41dbe499debf54cfee86d13358e9afc,in,是
0xc070a61d043189d99bbf4baa58226bf0991c7b11,Coinbase,Eoa,4.9,0.11%,2024/1/11 4:42,0x56293361c67c6e881b14fc8e8cd9ea8238ec276dc3942de988960a0c615e15e0,41174.50204,0x2dc2d0d1c8393c7635329df776aec8b87780bd89,0xc070a61d043189d99bbf4baa58226bf0991c7b11,in,
0x24aaf33c2f5af72d105a57f449b897abf5d85501,-,Eoa,4.69,0.11%,2024/7/29 16:17,0xbfa09a6ca504ad1fafaabce651238e0113092084d66d1789b0ded0f198e800e0,11825.71533,0x24aaf33c2f5af72d105a57f449b897abf5d85501,0xa8376f53391a041c8236a232f7f019ea76eed86d,out,
0x2842de96407d4d84915d0af10ad3d56c0092d422,-,Eoa,4.67,0.11%,2024/4/12 16:42,0x182818285a167812b7f85611d640082192eb96e980765e7b8a34474827fc9b15,24690.27683,0xdef171fe48cf0115b1d80b88dc8eab59176fee57,0x2842de96407d4d84915d0af10ad3d56c0092d422,in,
0x1f695562f2c26a95382e0c63e181fe44c0fae75c,-,Eoa,4.55,0.10%,2023/10/24 11:29,0x943e3439561f2dad5bf9e48b4aff2efc055545ba7e9e2344f8d05fb472969a90,271368.0955,0x643770e279d5d0733f21d6dc03a8efbabf3255b4,0x1f695562f2c26a95382e0c63e181fe44c0fae75c,in,是
0x8ac7937c5780d7720a21ebecad72320eeb9ecfdf,-,Eoa,4.34,0.10%,2024/3/4 7:01,0xaa395891786fff167b23ddff5c196dc0814423f60656ee82d97371fecfb487d0,30372.88531,0x078f358208685046a11c85e8ad32895ded33a249,0x8ac7937c5780d7720a21ebecad72320eeb9ecfdf,in,
0xea72e1b052b567f2cffb82b8130f79d8bed3fa06,-,Eoa,4.23,0.10%,2024/6/11 10:39,0x8b334f5cf6fa4ea280849adc3b3946cb3c8a73d7111975a9d69802d6d6cbe970,238511.295,0xfce08043a08e4cf24c4ce8b0f6ea2034c7e52841,0xea72e1b052b567f2cffb82b8130f79d8bed3fa06,in,
0x16ff272fc2703067339886f47b147fed5764d42a,-,Eoa,4.1,0.09%,2024/6/26 8:07,0xd08b2362b80bde49ba4591873acdf00d89877b343ed60aff05ddddc5f7fc7d81,255151.5689,0xe238908ddb47b63b1845eab1797bba40b967881d,0x16ff272fc2703067339886f47b147fed5764d42a,in,
0xf45b2b7686d38a435e6158296f0f95041ab163d9,-,Eoa,4.06,0.09%,2022/5/13 0:53,0x675d362d98c5d622dfa1f7a23ad25af7134fb0e11ca4a1e27b620cca38a4801d,242506.8036,0x89e3c03722b508f9f09d9baeb4d04944c8a734b7,0xf45b2b7686d38a435e6158296f0f95041ab163d9,in,是
0x272817e6c8e7dbf3cb5d382fbfa0f53db4427d6a,-,Eoa,4,0.09%,2024/5/27 7:51,0xeb29e05e788379c34c3c6d88232ae9a686ef217c4f85fe6c931430a29e72bb6d,16391.4905,0x272817e6c8e7dbf3cb5d382fbfa0f53db4427d6a,0xce9cc1fa6df298854f77e92042fd2a3e7fb27eff,out,
0xe7b4d4b35a0f2045c6e77bfdd94b99fb0be961b0,-,Eoa,3.93,0.09%,2024/4/14 11:10,0x238c3d86a815facc52b898322cdd9f0c42dfd4b343747298fdff492b4daf7a26,13509.93442,0x69460570c93f9de5e2edbc3052bf10125f0ca22d,0xe7b4d4b35a0f2045c6e77bfdd94b99fb0be961b0,in,
0x7f81256c9b75f37154298de82414cb7f394249df,-,Eoa,3.83,0.09%,2024/7/31 7:47,0xe7c3065f5e7816a2347790c8b39536c3783f7c83c3b5c7d9b485a98fe1f3a3db,228744.7949,0x7f81256c9b75f37154298de82414cb7f394249df,0x0000000000000000000000000000000000000000,out,
0xd2f0168f9307b13970ead5721b99676d9b99c7e7,-,Eoa,3.83,0.09%,2023/10/21 16:06,0xa986126eb259790319fd40d354b36e0b51db9d9d813216c0cde646dacdc2cfa9,226036.5273,0x643770e279d5d0733f21d6dc03a8efbabf3255b4,0xd2f0168f9307b13970ead5721b99676d9b99c7e7,in,是
0x97bf405e43e0b145f653ee496ffd694bb78c91bd,-,Eoa,3.83,0.09%,2023/9/29 18:15,0x177620d169d62ce9c06f1344ebd2b8dea302114fbba96a72ecd0774ea5b43bb3,20659.23857,0x37131aedd3da288467b6ebe9a77c523a700e6ca1,0x97bf405e43e0b145f653ee496ffd694bb78c91bd,in,是
0xad833e8d6a7f52a9daad727c679fc1f12bbc61fe,-,Eoa,3.79,0.08%,2023/9/21 20:21,0xb68ad3dca5516097d1e638a0c3e18cfbb63217289e1219ca37f5bd4c0798057e,226438.2761,0x5c2ed810328349100a66b82b78a1791b101c9d61,0xad833e8d6a7f52a9daad727c679fc1f12bbc61fe,in,是
0x15b7caf1fec06e2989f4ce36c3d7873e6fcf6143,-,Eoa,3.77,0.08%,2023/3/14 12:55,0x0bc929bebfe31ec392951a2e11d471e22f85192821b67b907f07f3698de123cf,23016.0488,0x6131b5fae19ea4f9d964eac0408e4408b66337b5,0x15b7caf1fec06e2989f4ce36c3d7873e6fcf6143,in,是
0xc589548d03a35912d966aff2cbcb9aecb13bc6d4,-,Eoa,3.76,0.08%,2024/1/1 20:53,0xa162d2381620237f3f01c02074ef5b11168e33ce04a3b93209f27f3b16f315f7,142714.3211,0xdef171fe48cf0115b1d80b88dc8eab59176fee57,0xc589548d03a35912d966aff2cbcb9aecb13bc6d4,in,
0x24f8e08f00fddea9fb4e3a81133240ef5b9e554b,-,Eoa,3.75,0.08%,2024/4/4 0:13,0x8694ce84502d086c6c8e19afb48507289834424072e5da375d1efae7820cb327,223652.3826,0xd409cffd780db584630f3436b9acab09a098287f,0x24f8e08f00fddea9fb4e3a81133240ef5b9e554b,in,
0x5bf33165e892991eff4f5756b473bba3e0fc9c65,-,Eoa,3.68,0.08%,2023/5/19 14:40,0xac2be376afcaa10df27acbff83bd2edf36cbfb4bac89660163945aa6207b0040,219486.7797,0x33b95e9ed54a72637d8543059e69b9b7a174882e,0x5bf33165e892991eff4f5756b473bba3e0fc9c65,in,是
0x95f0442f75891ce85fbfa9e0370bdf24f189169f,-,Eoa,3.61,0.08%,2022/9/6 15:35,0x2702b87751b491e9913b91b77300767ab6a30e21d415a07b85e129c281a815e8,91196.2926,0x95f0442f75891ce85fbfa9e0370bdf24f189169f,0x99a36249753d992f527f18e7b2d89d5e9bd380f7,out,是
0x1605ce87dd176b38a17d30e8926370ffd5268bf6,-,Eoa,3.56,0.08%,2023/4/8 15:43,0x0844fbb608b732b24147d3d4bbf93da97ebff152153fab03dfbd5a5f729e0c42,210407.1326,0xd814b26554204245a30f8a42c289af582421bf04,0x1605ce87dd176b38a17d30e8926370ffd5268bf6,in,是
0xc41d7bff72193b9e75766faafdebb9a633d08c00,-,Eoa,3.51,0.08%,2023/8/10 4:35,0x68c09bcbd1f617dd9aebb298dc86b31e57e6311a9713842757144de0788595b0,209705.9744,0xe1dd81156e188bc2347db8685a1c46bc2a30e2a3,0xc41d7bff72193b9e75766faafdebb9a633d08c00,in,是
0x40123cbda35328abb5e3010ac95601879abacec5,-,Eoa,3.44,0.08%,2021/9/5 23:14,0xf21a1ff5209336314f3568255b4af2edaa0682e3f9c4908b13afc3a9ee815298,28419.27833,0x9dcb2d5e7b5212faf98e4a152827fd76bd55f68b,0x40123cbda35328abb5e3010ac95601879abacec5,in,是
0xe7a6565e259758fb83bac7a491d754981a19eb8f,-,Eoa,3.41,0.08%,2024/3/10 19:56,0xf62cacca799a6301dc77495c8fed9b1fc4bba304677e2a3d4c62380be82d482f,51311.59999,0xa7255a6f630709ee86203118253dd921a412f9ce,0xe7a6565e259758fb83bac7a491d754981a19eb8f,in,
0x1cdf3bb3d2aaea1488d58ef49fdbb366d5fbd06b,-,Eoa,3.38,0.07%,2024/5/22 4:26,0x5a80f8337d6c701984fc680c939f89482b9c59275edaccb6057b6c6d6036b3d7,10143.48169,0xc590175e458b83680867afd273527ff58f74c02b,0x1cdf3bb3d2aaea1488d58ef49fdbb366d5fbd06b,in,
0xc54b9dcd07af646dedda2d4f5f1312dbf7b39b42,-,Eoa,3.36,0.07%,2022/1/14 0:19,0x03be167686946fa5c331e692d2f9907616f2bcf5b5c8f5a5b290f19db076d1d4,69221.02298,0xdc9232e2df177d7a12fdff6ecbab114e2231198d,0xc54b9dcd07af646dedda2d4f5f1312dbf7b39b42,in,是
0xc0230e245ca9d2115e67fc4db47caf0314a8c7c3,-,Eoa,3.27,0.07%,2024/4/12 12:30,0x2387e93696d040a882c24a5e353da6712d13941fe78cdc1696b659da9ff6c74c,195033.2777,0x078f358208685046a11c85e8ad32895ded33a249,0xc0230e245ca9d2115e67fc4db47caf0314a8c7c3,in,
0xa9337565faeb2d7bc80997b7f57fc4ae278000d1,-,Eoa,3.27,0.07%,2023/12/28 3:25,0x1b3c123127718408515e5a82fa9fb65b1cca7d064b33b7d138d6ab75b4d10707,68279.11012,0x643770e279d5d0733f21d6dc03a8efbabf3255b4,0xa9337565faeb2d7bc80997b7f57fc4ae278000d1,in,是
0x0f45336625f030b99c3f2a2d91c1bc5625ca4743,-,Eoa,3.21,0.07%,2022/12/31 2:55,0x51719cc4a66fdfd21321a09ed5032f86e7dee948ffb8d3fc9d7a10c1c4238325,191512.2145,0xba12222222228d8ba445958a75a0704d566bf2c8,0x0f45336625f030b99c3f2a2d91c1bc5625ca4743,in,是
0x7848a145f1c457c3af8550f6061a9ea059ec24f7,-,Eoa,3.1,0.07%,2023/6/29 6:57,0xd5d29ce756b1fb0f90056ae77b57b19bd1aa9e6390fe6d2372f289c4d4bb979f,64695.15244,0xdb6f1920a889355780af7570773609bd8cb1f498,0x7848a145f1c457c3af8550f6061a9ea059ec24f7,in,是
0x2dfc69ed3111f2825266b7b748cd8a2290ee2528,-,Eoa,3.1,0.07%,2024/1/14 23:36,0x51015a8f572c3ef1fc3ca3c56a6d58f8d41f7c453f1a5213cf2cc55977f02e34,11921.084,0x2dfc69ed3111f2825266b7b748cd8a2290ee2528,0x1a08d64fb4a7d0b6da5606a1e4619c147c3fb95e,out,
0xf407fd4cf92db98abfbdef4b0b54971c126cf4e3,-,Eoa,3,0.07%,2023/7/26 14:36,0x8f11c0f46a0c85a866eef5dcdbcb8bd8c543f801a2a4b2b8831a127fca0e9867,20157.54512,0xc590175e458b83680867afd273527ff58f74c02b,0xf407fd4cf92db98abfbdef4b0b54971c126cf4e3,in,是
0x4d26b320cc9cb6d46d89404d8439e7915069d977,-,Eoa,3,0.07%,2024/3/9 15:55,0xe3314175977990355b1a863f16efad5ae9028f9c5dfcc0d43e37885fa756e76d,67056.0975,0x4d26b320cc9cb6d46d89404d8439e7915069d977,0x896d9b9eee18f6c88c5575b78247834029375575,out,
0xc87c7dc4c1c73465c176e110fc9f4a264b2f15e4,-,Eoa,2.99,0.07%,2024/1/10 20:39,0x005d57126c9a0edc2e24c509e79be6dc9cb5c98a506aa304c87521f304226077,29802.71,0xc87c7dc4c1c73465c176e110fc9f4a264b2f15e4,0xeef1a9507b3d505f0062f2be9453981255b503c8,out,
0x62b0e2f23fdff23e8347b998fafbbc6c797f9332,-,Eoa,2.93,0.06%,2023/5/7 11:43,0x5f802ae43b22ba56fce0fa81b9fe2687adfca6b486fe0d72a767e7fbf9dbfb68,174741.0482,0x4c60051384bd2d3c01bfc845cf5f4b44bcbe9de5,0x62b0e2f23fdff23e8347b998fafbbc6c797f9332,in,是
0xf9d5b3d7c4a74e16205387e1e44b243c1f085f85,-,Eoa,2.85,0.06%,2024/4/8 18:07,0xb96b81b728f5507d363d98ebcb99f8f22cd3e28caf1feead4f8505812797d585,39320.95945,0x5c2ed810328349100a66b82b78a1791b101c9d61,0xf9d5b3d7c4a74e16205387e1e44b243c1f085f85,in,
0xffd9422657a1d7622dc88c796b592f51d3696b3d,-,Eoa,2.84,0.06%,2023/3/11 12:05,0x8a5a3801417429fe4fc0264edb9713e8f349917ce4a6c4e578571d21cce7066d,89392.38642,0x1e8ae092651e7b14e4d0f93611267c5be19b8b9f,0xffd9422657a1d7622dc88c796b592f51d3696b3d,in,是
0x3a3ceb6659a3abbf911964f448678a91954dea94,-,Eoa,2.81,0.06%,2023/8/24 4:11,0xf03e51432ccdb4861b72b41e1f92727ce2db80d592e3f3dabddbd7dcb71fb830,167593.947,0xc590175e458b83680867afd273527ff58f74c02b,0x3a3ceb6659a3abbf911964f448678a91954dea94,in,是
0xc711689149cdbc3c9438b8c028f2961b9ceec565,-,Eoa,2.8,0.06%,2024/8/11 1:29,0xc64bd519cba67a03963ff696581736643bd1ceebadc4e303421f19d6cf952e97,107289.756,0xc711689149cdbc3c9438b8c028f2961b9ceec565,0xbd12726ffa1436ee1325fb878303a0ab1bd65e4d,out,
0xe0d581d9565902312194601406adc18271589cfa,-,Eoa,2.75,0.06%,2024/4/18 20:32,0x9a5ff9d042af0ff371179c349cf48a3d9d439be498675dcc46c91fd74e8ad2d1,158486.9935,0xdd1469db267c4f9deeb9afd3fa597b450f258cac,0xe0d581d9565902312194601406adc18271589cfa,in,
0xd839db910fd2ae169f4d53a84eb182a2e50760c3,-,Eoa,2.71,0.06%,2022/5/17 23:13,0xb0195d45d80322c71ebca91361a2c608c0533225efa558bb8957ddb592541553,95682.23227,0x39eaa90a70e8fdc04e1f63db04e1c62c9ace0641,0xd839db910fd2ae169f4d53a84eb182a2e50760c3,in,是
0xb1362714dbcba06d76c0da62f3eddb201b6f15f9,-,Eoa,2.71,0.06%,2024/5/15 10:12,0xa8155d2b0b877909155623111526b1f9f1d0c28a5d6bf9928ce9ffbfd597326e,12201.09298,0xac4494e30a85369e332bdb5230d6d694d4259dbc,0xb1362714dbcba06d76c0da62f3eddb201b6f15f9,in,
0x0d7aada12a6e1ae5a64356d0e01a033317b0a785,-,Eoa,2.66,0.06%,2024/2/19 23:59,0x12d9b8bbeb4461969b96471a6028dd87cbe6eb5e6b289269ae51ba3e31db39a2,32845.88439,0x1e82ad8a12068a85fcb96368463b434e77b21201,0x0d7aada12a6e1ae5a64356d0e01a033317b0a785,in,
0xa8fa550c4fdb6d5badd3dbf88535af11b6e725c8,-,Eoa,2.57,0.06%,2023/4/14 21:03,0xae805f261876cd73706832c49f4a410d4a8e79548a1dc4b895fa2691592018e6,153185.9294,0xd814b26554204245a30f8a42c289af582421bf04,0xa8fa550c4fdb6d5badd3dbf88535af11b6e725c8,in,是
0xf770b9392577c4ceb5555b513ab8149ad07fafc7,-,Eoa,2.53,0.05%,2024/5/9 12:15,0xd78e938fc421327c6358c3dc115173931c1d0021836bb69ad0a11f206ef98489,16672.13308,0x37131aedd3da288467b6ebe9a77c523a700e6ca1,0xf770b9392577c4ceb5555b513ab8149ad07fafc7,in,
0xfb84bc67c0bea5d6597dc11ac8e3587bf198e037,-,Eoa,2.52,0.05%,2022/3/16 5:46,0x34be778418dc88bf6ced473f215f4231dd89dd6fca2b95060c930b346f34dd3d,150729.2276,0xdc9232e2df177d7a12fdff6ecbab114e2231198d,0xfb84bc67c0bea5d6597dc11ac8e3587bf198e037,in,是
0xc91861691a67641715d2d6175e8e8cdd7ed239e1,-,Eoa,2.45,0.05%,2021/9/30 6:14,0x0360ca04aa888502d2831306519cb008e1e082c5a4b7bf7c14942dbb9cc8b7dc,20409.35417,0x11431a89893025d2a48dca4eddc396f8c8117187,0xc91861691a67641715d2d6175e8e8cdd7ed239e1,in,是
0xaa4b96cbd2abe2a01f4ba18185c84c290dfc9650,-,Eoa,2.41,0.05%,2023/12/22 16:39,0x4f23b6a6b439dd9181ea95c3201b6a573eeab05c9227375a4f7be557d0977ffd,143888.9859,0xb5873e333161e5b45adac57379ec2b15d861178d,0xaa4b96cbd2abe2a01f4ba18185c84c290dfc9650,in,是
0x306c2c85385235431ea150c19ec8b9c8a6c4a2e3,-,Eoa,2.31,0.05%,2024/5/21 21:35,0x4f97562be219e07af8fb364ef1d64fa5ef0579ec8528e7d36706a5027b6026aa,93749.71369,0xec7be89e9d109e7e3fec59c222cf297125fefda2,0x306c2c85385235431ea150c19ec8b9c8a6c4a2e3,in,
0xf12cf7991877d48116bf4e4dd19e95a565edba71,-,Eoa,2.23,0.05%,2022/2/27 17:56,0x250692ee7efd6453573d25e321ef12657ea711218581b34e1600f230848cc1a8,61346.15338,0x5c2ed810328349100a66b82b78a1791b101c9d61,0xf12cf7991877d48116bf4e4dd19e95a565edba71,in,是
0xbb92779654acd0c8c5877e07011bb84823dc27a4,-,Eoa,2.22,0.05%,2024/5/24 17:29,0x63804ec68fc1f1505fce76eca433b635720da560808dbe6351d67aad25b64fea,132624.8836,0xe6ad70d7ab6f0fe6ca7e91eec1faa0befd1c14be,0xbb92779654acd0c8c5877e07011bb84823dc27a4,in,
0x33ed6be8b6e8cd8bf7fbd63616b1a9c3da04e8ee,-,Eoa,2.21,0.05%,2024/7/21 17:01,0x0d04bffeb19da7cfdf9661e0b02f367a3e2951cd5a34949dd6f11f9302991849,95231.42218,0x48a57c97fc4a20bce266f1b15c7ab9084ea394d8,0x33ed6be8b6e8cd8bf7fbd63616b1a9c3da04e8ee,in,
0xb4b21881ac870b2a8dd008345c1f846bc54c13da,-,Eoa,2.19,0.05%,2024/8/7 12:05,0xfe9e74e7d0f47194dccc858127289ac4adb5304d6ef8848c8669871a02bacb3b,22352.0325,0xb4b21881ac870b2a8dd008345c1f846bc54c13da,0xeef1a9507b3d505f0062f2be9453981255b503c8,out,
0xde55b800f04161eb79849e029cd4a69a917b9a8d,-,Eoa,2.17,0.05%,2024/3/20 5:02,0x422313999dbcef97aa15f726b40a8b7ef0903d85663aa598462d26e461946340,16983.10171,0xec7be89e9d109e7e3fec59c222cf297125fefda2,0xde55b800f04161eb79849e029cd4a69a917b9a8d,in,
0x449e4f12bb1007c1cf8894f51efe6abbf2e5b936,-,Eoa,2.14,0.05%,2024/8/2 8:21,0x3851424ac8f492caedfa616f95f22af8ea7e6efcfdbc7ea6d20c9e572eb4dbae,17166.36096,0x449e4f12bb1007c1cf8894f51efe6abbf2e5b936,0x0945de4f356de3569fe12850ab85a91f533b87a0,out,
0xc0b8ac549598373594a9c552c5b03f6eb39f7d9b,-,Eoa,2.14,0.05%,2023/11/24 9:46,0x35b350788fa9329662d07f4cc21545544e6f286244cf75842bc0a78d5f9886ef,44704.065,0xc0b8ac549598373594a9c552c5b03f6eb39f7d9b,0xa40317d7f4383fa7422a6c6638bcbb9e2f23b419,out,是
0x9e2ee782ea1b146df70f14143f529f93c730f4d5,-,Eoa,2.13,0.05%,2023/9/17 22:02,0x3c3bb4ead86770e3213f06c19812d5466974f6ca94a600d80fbbdbb96eb05817,121005.291,0x967c45a955a0ae1957de799ec7818fb68f3b047e,0x9e2ee782ea1b146df70f14143f529f93c730f4d5,in,是
0xe526ded5db93390051f51f6f0f171fe9ff00893c,-,Eoa,2.1,0.04%,2024/1/7 18:20,0xb1aa03544c32a0682be837bb92cce5ba066767438dd93119a3f83f3bdebccd3c,63198.53247,0x643770e279d5d0733f21d6dc03a8efbabf3255b4,0xe526ded5db93390051f51f6f0f171fe9ff00893c,in,
0x1a2ff1dd73230d226749c33e48383e0a81296573,-,Eoa,2.09,0.04%,2024/3/14 15:35,0x7177fcaff7140813b6b415b6ca1f2a70c1ce9976f26a4e00074f2245a94a2b1e,119210.84,0x078f358208685046a11c85e8ad32895ded33a249,0x1a2ff1dd73230d226749c33e48383e0a81296573,in,
0xb99809054ed1ac794b4f65584c0c5d4286e42fd2,-,Eoa,2.07,0.04%,2023/11/8 15:55,0x3a3555884b8c4902186cd527eaa2d6a3cc959dde53477f01a7db85fb7af49bda,24833.32149,0x8c86ba303770d6a7ef2da8c59cc9eadf4f4b8c10,0xb99809054ed1ac794b4f65584c0c5d4286e42fd2,in,是
0xdf80577b88c9d9d5f7f9535945e897acd5d008d8,-,Eoa,2.06,0.04%,2024/7/5 8:36,0x8254de0de956691eb8b20b8d2cb7bb69f1d3a611eb0ed0ba85d895db011414aa,63448.01334,0x4262f8bb5bd9ad132782d2a7279b532a1dc6bcbf,0xdf80577b88c9d9d5f7f9535945e897acd5d008d8,in,
0x5666afb8ffd4e2f44c703e6728e802137638b2db,-,Eoa,2.05,0.04%,2024/2/25 5:17,0x586c061532dcd34d6812305091c3e7c7c2ec78ba48f729a30d4b1217e15a8540,121977.2181,0xdb6f1920a889355780af7570773609bd8cb1f498,0x5666afb8ffd4e2f44c703e6728e802137638b2db,in,
0x880b2dfe45658883f48a52d842ca96785425d364,-,Eoa,2.04,0.04%,2022/8/22 19:39,0x26142b6f7e53aa09543e4cddaa5fc5a3de8dfb381b8ad81a6f0ba816c0373706,59605.42,0xeef1a9507b3d505f0062f2be9453981255b503c8,0x880b2dfe45658883f48a52d842ca96785425d364,in,是
0x395235b2108b9628fbd39878823935d9c2d6f05d,-,Eoa,2.03,0.04%,2024/6/22 9:40,0xae593ad8afe5743606088d8850e87c423b776cb49cc40008ccce2058a4eb9a06,73928.83906,0xad3b67bca8935cb510c8d18bd45f0b94f54a968f,0x395235b2108b9628fbd39878823935d9c2d6f05d,in,
0xd529a16ed97185838321ed7a59b5bb38ab15fbce,-,Eoa,2.02,0.04%,2024/8/11 3:22,0x2d083a18672810a51dcccac2c7ff1f27a46076140eb55edb409a718a53056c27,120853.749,0xd529a16ed97185838321ed7a59b5bb38ab15fbce,0xce9cc1fa6df298854f77e92042fd2a3e7fb27eff,out,
0xa64304171994703b966944cf86578156930de926,-,Eoa,2.02,0.04%,2022/8/8 13:24,0x36d7cc7df84a4bb622a21a2fbbcdfdcff0557c3dc320dbfa71f9c61ef36b27f9,59912.33248,0x4addd5f48f8ad63d6d88fcbfe8563126334ae8fb,0xa64304171994703b966944cf86578156930de926,in,是
0x79e4bb9c6809df39645af5a5e7617fd289c9df40,-,Eoa,2,0.04%,2023/7/16 23:25,0x36c2f1df57bf91257266890b4a393068293ec1f12851bad48d4884c32780b2fa,106428.2729,0xdb6f1920a889355780af7570773609bd8cb1f498,0x79e4bb9c6809df39645af5a5e7617fd289c9df40,in,是
0x5c89a49d8518c607ba2434ccb8c8748284478945,-,Eoa,2,0.04%,2024/7/5 6:37,0xc31409a0c813d828bdcde3c41c621ea334410be43bad3df164bcd0c91306dea8,59712.56015,0x78f8bd884c3d738b74b420540659c82f392820e0,0x5c89a49d8518c607ba2434ccb8c8748284478945,in,
0x552850af4152503d1a79a6455ff6a2ad3da31284,-,Eoa,2,0.04%,2024/1/28 12:10,0xa40c9c0ee21b5aeb6f701c0cc0ba1d1dae454b6a44f8613369abf734480e47b0,22238.20641,0x50eaedb835021e4a108b7290636d62e9765cc6d7,0x552850af4152503d1a79a6455ff6a2ad3da31284,in,
0x76f1b0118c7c8902837318b653b1d691ece510e2,-,Eoa,2,0.04%,2024/4/24 10:48,0x86cd248180d7333dacd0c6fb2ba08646c7f07e091a0b32319022dc9fa9769e91,119247.6905,0xa5c4147568fafabcabd84ca80308329841fbac31,0x76f1b0118c7c8902837318b653b1d691ece510e2,in,
0x76fae96cf8db9204bed448980d1cde999cf46ef1,-,Eoa,2,0.04%,2024/4/26 15:35,0xbeae6c7e8c8d72f59516e214d25d4e7478f13e6397e7a7e30a3ca2820a738c89,118978.7168,0x5c2ed810328349100a66b82b78a1791b101c9d61,0x76fae96cf8db9204bed448980d1cde999cf46ef1,in,
0x699f6e94c054abf8eff1914c7b162668e2f37095,-,Eoa,2,0.04%,2024/6/14 16:48,0x0b73013cf277412bfef8a89008a50658099c61f889f06d59e8143950ab0fd80c,56625.149,0x699f6e94c054abf8eff1914c7b162668e2f37095,0x52f2f8a2f6ac90739398a2bb6c43917268240958,out,
0x3bcd2b75cf99c81e81c304d223c7137847a4177c,-,Eoa,1.99,0.04%,2024/7/23 15:29,0x4e10704ea722455743a1c3c75839cc264f63c41c676e37b201107065c7fba0fb,119085.0732,0x436ba43c39023acdaec81b3ad5f04edb7ac04319,0x3bcd2b75cf99c81e81c304d223c7137847a4177c,in,
0x428ab2ba90eba0a4be7af34c9ac451ab061ac010,Across Protocol: Relayer,Eoa,1.95,0.04%,2024/8/2 20:56,0xde5a45566839ed41f2f162549c37bded3804adbcd063c53dd379a6551e080d19,111282.7219,0x428ab2ba90eba0a4be7af34c9ac451ab061ac010,0x07ae8551be970cb1cca11dd7a11f47ae82e70e67,out,
0xc6b6c3febc1a2c8e660c9b314c02eec89aa8b5c7,-,Eoa,1.95,0.04%,2024/3/13 22:32,0x076edd0cbb6b69eac3048fd2cc27411d04af9ba02b687ae38b4663850056df06,11921.084,0xc6b6c3febc1a2c8e660c9b314c02eec89aa8b5c7,0xd8e6c20386895b8f367afe4d840b5170a286cf8d,out,
0x152555aa80023da7e1b8a2aa20fe0753f78ceef1,-,Eoa,1.9,0.04%,2024/3/15 23:31,0x95458208f5187b5ce388b45c749e78b956ab313f33dde6f2176fbb95ec405580,51172.79745,0xec7be89e9d109e7e3fec59c222cf297125fefda2,0x152555aa80023da7e1b8a2aa20fe0753f78ceef1,in,
0x3e43a976a28e593ef2494a8fda4135bf3260f8ee,-,Eoa,1.81,0.04%,2024/3/4 12:47,0x84818b8d9336349b6e36214fa94f26445b8049bd9d6e9fb8aa128b2a7614dd52,108286.212,0x5c2ed810328349100a66b82b78a1791b101c9d61,0x3e43a976a28e593ef2494a8fda4135bf3260f8ee,in,
0xc854fe6c03f04d4cce908896af4731382f182886,-,Eoa,1.78,0.04%,2023/12/18 11:44,0x84d1696a583b8b253afa0125062ca5b7ba54fd038aa75ce39d4f7b74e2fc8c4d,27768.28045,0x4aac8f3830b6ff4453d236147da5b639b01f1e45,0xc854fe6c03f04d4cce908896af4731382f182886,in,是
0x3efec9925973afe87cbfe219dfe31fbba4266369,JaviGomez1,Eoa,1.77,0.04%,2024/1/2 17:12,0xc43eb43ec60c7eeaa868da44aeb925161c7cc8e80d56669d7b7ae14fcfde46dd,17881.626,0x3efec9925973afe87cbfe219dfe31fbba4266369,0x5f515f6c524b18ca30f7783fb58dd4be2e9904ec,out,
0x0a67f7790cacc1604da67b7d7e4b9275320860b9,VendettaDao,Eoa,1.77,0.04%,2024/8/11 9:34,0x179bdbd67399f77c93fa07dea0a2f2b6b67d3e5b47191a28d3c9f3a8d2d01a73,19558.72344,0x0a67f7790cacc1604da67b7d7e4b9275320860b9,0x896d9b9eee18f6c88c5575b78247834029375575,out,
0x6c5384bbae7af65ed1b6784213a81dae18e528b2,-,Eoa,1.73,0.04%,2024/4/14 15:01,0x8b514096fc7bf83afde96ed4df54d724d6df3b7b5de833186c25c8210c412435,103541.8345,0x5c2ed810328349100a66b82b78a1791b101c9d61,0x6c5384bbae7af65ed1b6784213a81dae18e528b2,in,
0x02639b3d4699af29d80b224e58e3a0c921430b37,-,Eoa,1.73,0.04%,2024/3/1 15:41,0x43ee52b0e2027eedaf401b2d656810094f7b74d2f4f661b130017c693c6491f7,103057.7724,0x2e89409d74d748607d7b18bc3562565b2dee369e,0x02639b3d4699af29d80b224e58e3a0c921430b37,in,
0xc25b7e9d9efe35228ab3fa356b46d7756073fe01,-,Eoa,1.72,0.04%,2024/8/10 8:13,0x54aa12315d6a1ad93a8688b33bb37fcac8bfe9329f73a00740d4b798098817cf,14815.45286,0xc25b7e9d9efe35228ab3fa356b46d7756073fe01,0x7a8f557916d99945eaf2f8763935a70bdc81f650,out,
0x186910195cb32fedef3841410d100ca51d7a17bd,-,Eoa,1.72,0.04%,,,0,,,,
0x3a43a4b1ad0f02ae526a2c0c35a51434ded08bff,-,Eoa,1.71,0.04%,2024/4/8 16:22,0xf8d7723509caf950185430219f1c87f04e22c810649ad1396bdfc973cf8f3a39,59687.69992,0x4e3288c9ca110bcc82bf38f09a7b425c095d92bf,0x3a43a4b1ad0f02ae526a2c0c35a51434ded08bff,in,
0x23782030ebd5bb2ccc6acee5668f3583b6c1875b,-,Eoa,1.68,0.03%,2024/6/15 1:04,0x76e19bb72c677b5665050997d194948ba9609bf31031830976932fca6322e9ca,100236.388,0x1e8ae092651e7b14e4d0f93611267c5be19b8b9f,0x23782030ebd5bb2ccc6acee5668f3583b6c1875b,in,
0x179bb50dc9988f40e3e4e8bbfc76884b3feed44a,-,Eoa,1.68,0.03%,2024/7/13 23:07,0x92ec90f24d2634f8569ec0377f8c21038e92a592f541419e06bf04a6aae67cc5,100148.7257,0x1111111254eeb25477b68fb85ed929f73a960582,0x179bb50dc9988f40e3e4e8bbfc76884b3feed44a,in,
0xd26d90869c90bf77751c8ba93141453eaef37a0d,-,Eoa,1.67,0.03%,2024/4/11 18:20,0x454bfd540c6c903afb41d8ff2f93bc04c5670b4ca84d4ffe08553a29268c119f,26826.37057,0xd26d90869c90bf77751c8ba93141453eaef37a0d,0x29e1888f7dd0757f2873e494463ec389dab38d27,out,
0xdbe880ab7d0feb11b29c3b756e8aa68a8acd177d,-,Eoa,1.66,0.03%,2024/7/21 22:13,0xf99a4507939a983e302183e68c25f1b97dd09195bbf1a8fe56327a5324076aa1,47651.45109,0xec7be89e9d109e7e3fec59c222cf297125fefda2,0xdbe880ab7d0feb11b29c3b756e8aa68a8acd177d,in,
0x72256119213bc05e8e74ca53c3c9ffe8d87e4f96,-,Eoa,1.64,0.03%,2024/1/16 20:35,0x187b941b256e95fc06832090d346c39f8d057f3ced126fe5cd30e09a2f603006,98281.59841,0xf25212e676d1f7f89cd72ffee66158f541246445,0x72256119213bc05e8e74ca53c3c9ffe8d87e4f96,in,
0xd519fa90121dd4add666451cd5634119f065855a,-,Eoa,1.64,0.03%,2023/8/8 20:40,0xac3afa7375d01d310811380370956d9568ed4471e5b11d671e65e618335dc849,26680.09887,0x50eaedb835021e4a108b7290636d62e9765cc6d7,0xd519fa90121dd4add666451cd5634119f065855a,in,是
0x522d5efcefd1e3ece796480ffc0244d27dfc54f6,-,Eoa,1.64,0.03%,2024/8/7 22:49,0x9ad6bcaa1143e9581e942b98e88df5a4574d2369ef5299f12dbd9fcddf4d96ab,97908.87678,0x522d5efcefd1e3ece796480ffc0244d27dfc54f6,0xe37e799d5077682fa0a244d46e5649f71457bd09,out,
0xd12a36d48b91931ff2e3b438709e186a68da6b2e,-,Eoa,1.63,0.03%,2024/1/2 9:06,0x842cad3b62864e2e9a418b291449cb5af591e1dd8dc7494fd3370d523b149273,97082.66638,0x5c2ed810328349100a66b82b78a1791b101c9d61,0xd12a36d48b91931ff2e3b438709e186a68da6b2e,in,
0xa94d751c84c0aaa19b5025a539c0277b9188c285,-,Eoa,1.62,0.03%,2024/3/28 10:01,0x37ff5df6f456bed7093a904dfbfb2884279abd43ee91502738a3b028a6ff848e,17317.53759,0xa94d751c84c0aaa19b5025a539c0277b9188c285,0xeef1a9507b3d505f0062f2be9453981255b503c8,out,
0xbf52965a29ec0af078d23ac8173496b9efaf5bbb,-,Eoa,1.61,0.03%,2024/7/10 5:14,0x4736a6926db76a76ae3401527156a71f6957185d16d50ce8cef267b24738f69c,68876.80287,0x50eaedb835021e4a108b7290636d62e9765cc6d7,0xbf52965a29ec0af078d23ac8173496b9efaf5bbb,in,
0x8bf675b7d0b701849eaa306affa55e36a308257d,-,Eoa,1.57,0.03%,2024/7/5 7:37,0xe3961feae297b88efec053be7ce3703dfb0945bc5363244d7149a1dc4948eb9d,16701.01429,0x8bf675b7d0b701849eaa306affa55e36a308257d,0x078f358208685046a11c85e8ad32895ded33a249,out,
0x8250fd90c0efb1d1fb2e72e526064a93cfa17b25,-,Eoa,1.57,0.03%,2023/10/12 13:37,0x973bc1f563e8efed971feed39b37d74e6c923ace04b092a080615d980a1d0ee5,22286.78722,0xdef171fe48cf0115b1d80b88dc8eab59176fee57,0x8250fd90c0efb1d1fb2e72e526064a93cfa17b25,in,是
0x9242476d4d4af5963deeef701d5b8f2e3022f86a,-,Eoa,1.56,0.03%,2023/9/11 1:59,0x4bfcb83901c98123e2c7f395c6076837326b1d657ebbedf91f6abd3eab8998f2,93007.74483,0xb3a730d92ee547b06ddcc7a7e3fee172cb9061c8,0x9242476d4d4af5963deeef701d5b8f2e3022f86a,in,是
0x50533adce9b5fb281cebb5f4d250feda0d0a36e6,-,Eoa,1.55,0.03%,2024/8/13 6:01,0x88e432574ac3fa398bb382eb824c8e3c4227b1ca6f53e9b93f1e68e8375565d3,19133.33982,0xac4494e30a85369e332bdb5230d6d694d4259dbc,0x50533adce9b5fb281cebb5f4d250feda0d0a36e6,in,
0xc3ee6ddf545e31c68c9a6299098b51fe4db52cd6,-,Eoa,1.54,0.03%,2024/7/8 6:25,0xf0eef0999f8c57a8e4c6a728aa94c649b702b1f330f22677022142c33d701c05,23842.168,0xc3ee6ddf545e31c68c9a6299098b51fe4db52cd6,0x078f358208685046a11c85e8ad32895ded33a249,out,
0xeb662bfc070b924db81621d9d29823dbd8eb7b4a,-,Eoa,1.54,0.03%,2022/12/25 20:25,0xe0d3f5ce0ac4629ca728e1ed72cfb87e976163399a55e9488ef229d13ed72b0f,92108.34493,0x5c2ed810328349100a66b82b78a1791b101c9d61,0xeb662bfc070b924db81621d9d29823dbd8eb7b4a,in,是
0x372539a2b215ab958f70b4e9beeb4ee6eed70f6a,-,Eoa,1.52,0.03%,2024/7/18 9:26,0x5375be3b9204d621fa991aace8e8a3d4d50daed53fd9ee5784785279359b7060,88149.36069,0x50a4330cac552fe3f226a4fca28b90838b3f49f6,0x372539a2b215ab958f70b4e9beeb4ee6eed70f6a,in,
0xa5b10866860ba5aaa89ea350adc81d8e1370c305,-,Eoa,1.51,0.03%,2023/1/12 5:50,0x251be6e98f577af10a0bed6dc94fd3bec7fb5d61806318fb2e237fb298b0b781,90555.71196,0x2254e4bdd81170b247457b63ed0c0af87ecc0129,0xa5b10866860ba5aaa89ea350adc81d8e1370c305,in,是
0xfffbcd322ceace527c8ec6da8de2461c6d9d4e6e,-,Eoa,1.5,0.03%,2021/6/17 20:44,0x93ab0fc1616439826bfd83e81c5654b1793eaa77c684a1724a8a85ca2ee30f43,83660.04317,0x65d3fae63298af41c7b002243401343dd025ae66,0xfffbcd322ceace527c8ec6da8de2461c6d9d4e6e,in,是
0x92718cea6cae6f5c71f9a6846f1208227afe2aa6,-,Eoa,1.5,0.03%,2023/12/18 4:39,0xc77dbe0c0f9832a3d777737f4ca8adf85a233bb602356e498c17d8d8818f2d50,11430.67802,0xe62ec2e799305e0d367b0cc3ee2cda135bf89816,0x92718cea6cae6f5c71f9a6846f1208227afe2aa6,in,是
0x563cb1729c1b06e07567482702a3eb2e9cc5fe86,-,Eoa,1.5,0.03%,2023/3/11 10:20,0x0503f12575d8ff4eec9f6b8e4fab60032dd556b740f6cef0dcba816e289a1d5a,10605.64901,0x50eaedb835021e4a108b7290636d62e9765cc6d7,0x563cb1729c1b06e07567482702a3eb2e9cc5fe86,in,是
0x9f273c1fd76b09cb09278019a50991a5f6265b0d,-,Eoa,1.49,0.03%,2023/10/17 5:55,0x94ec26887474a9b285fad397ff29f696ef822399638be09d8527715f6d1e6618,21133.594,0x1111111254eeb25477b68fb85ed929f73a960582,0x9f273c1fd76b09cb09278019a50991a5f6265b0d,in,是
0xee2165f61d0122bb5b2e648b7fc838623f7e6863,-,Eoa,1.48,0.03%,2024/4/24 13:01,0xc816c435d318e94eb526462ca2835e4edc44d31c5106db1fe0452efdb7d46750,86952.98692,0x50eaedb835021e4a108b7290636d62e9765cc6d7,0xee2165f61d0122bb5b2e648b7fc838623f7e6863,in,
0x9931f0108a281a0a4b78613156a039e6aefc59e4,racksmafia,Eoa,1.48,0.03%,2022/6/13 0:10,0x2bfca2afbb68af999ce0ad1eb35c656955274e91585482a8406ed4ef46d0f472,88429.55981,0x68b3465833fb72a70ecdf485e0e4c7bd8665fc45,0x9931f0108a281a0a4b78613156a039e6aefc59e4,in,是
0xd766d15ecd38c9e4d976dd1f2828218885c12140,-,Eoa,1.47,0.03%,2024/8/8 2:13,0x6bd8de070aae389645b085cb8a04eb21f1c12e1a0e49f72e4b53431bbe080566,10728.9756,0xd766d15ecd38c9e4d976dd1f2828218885c12140,0xdef171fe48cf0115b1d80b88dc8eab59176fee57,out,
0x9dbdac3d095ffc9bf811114757da7a6888ef99b0,-,Eoa,1.45,0.03%,2022/9/21 22:43,0x516edbd02297ce4a112bd537c63855838669fa1ddc11c977ae3040625b645a3a,88719.5062,0x847b64f9d3a95e977d157866447a5c0a5dfa0ee5,0x9dbdac3d095ffc9bf811114757da7a6888ef99b0,in,是
0xdf4b8d146b419396c4482cefbca339e2bbb7364e,-,Eoa,1.45,0.03%,2022/6/14 8:08,0xb037239c44bc99f4e185695975d1eb6895b4c9f38e8b537cb2ebf4e2bbba45d3,86900.2546,0x5c2ed810328349100a66b82b78a1791b101c9d61,0xdf4b8d146b419396c4482cefbca339e2bbb7364e,in,是
0xcda9e48bdd81b20f985a66bbc0c575b02b1b1f20,-,Eoa,1.45,0.03%,2021/8/23 21:35,0x18eb07c94eb2ef331dda0f2b1d62f361438e1340aadba93d8659edaf15d146c0,47254.56185,0x39eaa90a70e8fdc04e1f63db04e1c62c9ace0641,0xcda9e48bdd81b20f985a66bbc0c575b02b1b1f20,in,是
0x6b05ac900bd8dfd5ef37dc63e88f5632832776fe,-,Eoa,1.44,0.03%,,,0,,,,
0xa73768dc3edf1637ab8ffbac3ecd0512b9a34b9a,-,Eoa,1.44,0.03%,2023/11/14 21:02,0xf9db9b6774c236ccfca8c56898b89799ce0126ac7638350d1c2605d469056ba6,86407.78628,0x078f358208685046a11c85e8ad32895ded33a249,0xa73768dc3edf1637ab8ffbac3ecd0512b9a34b9a,in,是
0xc8dd0a3a62f5604c96ade697a32293b9fa1244b2,-,Eoa,1.43,0.03%,2024/6/21 16:45,0x7f3af85d0b0c6d00a70ede22c94aa26d647007f6547d2cb6d08575636538cae4,54515.77637,0x706c2354737533b99c406d684c15db75d6ebcaf9,0xc8dd0a3a62f5604c96ade697a32293b9fa1244b2,in,
0x1d9eb67c6924c62487bf0a3982ed6281190cffce,-,Eoa,1.39,0.03%,2024/7/27 16:45,0x6f5c2ea3135ee95751dc002ece67e269b6595f2ba9e10ee21922adba5fe6c0e4,23978.42301,0x12a7b5510f8f5e13f75aff4d00b2f88cc99d22db,0x1d9eb67c6924c62487bf0a3982ed6281190cffce,in,
0xf0f08ac58fed4de5b650c1201f7b648e81d143e3,-,Eoa,1.39,0.03%,2024/7/24 16:18,0x223911a0cbaf18bdee94e95e145702b8ac45df847a92d21b6a96d4bade4c0d65,17881.626,0x91b6a5c5adb86a1654829a492512a4d8304ce591,0xf0f08ac58fed4de5b650c1201f7b648e81d143e3,in,
0x126b138593fbbc493ee7bee965eb459c5dce0a67,-,Eoa,1.37,0.03%,2022/6/15 10:40,0x591e716b2d6d7068309fd962c5e9327a51a95cfac6cb75ae8244942878f9bb12,81874.90495,0xdc9232e2df177d7a12fdff6ecbab114e2231198d,0x126b138593fbbc493ee7bee965eb459c5dce0a67,in,是
0x74bbf30cd30a43ee480ba0547be9691c3fff1050,-,Eoa,1.37,0.03%,2024/8/5 3:05,0x59ec1065a4826a4376f1cfc004a58e27519d48ec2194167705775fd61ff0c753,81794.10802,0x74bbf30cd30a43ee480ba0547be9691c3fff1050,0xdb6f1920a889355780af7570773609bd8cb1f498,out,
0xa26674116c72cf19e3e7855864afe9c8f18a84b2,-,Eoa,1.36,0.03%,2023/11/12 21:23,0x16077db039e3ca4fc058098c4d61ae01ee9bc68eab75044b1817a21c672ade4d,15795.4363,0xa26674116c72cf19e3e7855864afe9c8f18a84b2,0xdef171fe48cf0115b1d80b88dc8eab59176fee57,out,是
0x48d8d5ce960b4dc4034180570b704475afad153b,-,Eoa,1.36,0.03%,2022/5/30 8:50,0xc52d9c79cb733a7a08285e76db0ef0333bd30164fad905a46b6e1d75dd4fea76,20304.6358,0x847b64f9d3a95e977d157866447a5c0a5dfa0ee5,0x48d8d5ce960b4dc4034180570b704475afad153b,in,是
0x0c8c40b6130a5ad6bb6443f9dc966a81296b37b0,-,Eoa,1.36,0.03%,2023/5/31 10:37,0x91b740500574df3ad552202cf6646d155233f8b0785bb5561963a984946f6734,81195.35965,0x2078fe8f482a1d942cd55eb923df5a338a3ecba7,0x0c8c40b6130a5ad6bb6443f9dc966a81296b37b0,in,是
0xe6d40c96d0e265793d5ba1d10fa7dbc00dcf0143,-,Eoa,1.35,0.03%,2023/7/2 14:49,0xf690e5a025faa08c25e14caaaa76643d2e931550cde4ccee328448474df445ba,64672.38496,0xaf304d0371ac4cb628aa7e7f0ae46ddde1ece1c0,0xe6d40c96d0e265793d5ba1d10fa7dbc00dcf0143,in,是
0xdb455af1959bc32a3bdd9075c3df33221ba84c23,-,Eoa,1.35,0.03%,2024/3/30 8:24,0x851fac252f0330d96a2520e0cb6e851d9a7ab02fc3ad844defb3920e9bb8310e,80536.84553,0xf25212e676d1f7f89cd72ffee66158f541246445,0xdb455af1959bc32a3bdd9075c3df33221ba84c23,in,
0xd179fdcdf88593ddc4d90ef466563ebbfabadc0a,-,Eoa,1.34,0.03%,2024/3/25 17:31,0x6b36f05f23acb1ff9a1821c6872369c200ba2f60d6226852dfa49bf1bf8857a8,47973.74058,0x4e3288c9ca110bcc82bf38f09a7b425c095d92bf,0xd179fdcdf88593ddc4d90ef466563ebbfabadc0a,in,
0xe6b65bda33b44164064fbd59dcc26fa5ff564370,-,Eoa,1.33,0.03%,2024/5/20 21:03,0x89d56646f747b4738d036889924182877dc36f11fc50bc9cc1d0d9bac4e58a41,39155.32612,0xfcda36d3cda0a5ae8212187e40bbe946e4ac621a,0xe6b65bda33b44164064fbd59dcc26fa5ff564370,in,
0x0c82e9310e50c705c5b192fbb97118746dacdbe5,-,Eoa,1.32,0.03%,2024/3/14 19:01,0xaccd54d0c9338a38c1b88523c7c9a1f65dbb71151568759de73c3434c16310d5,10639.03639,0xdef171fe48cf0115b1d80b88dc8eab59176fee57,0x0c82e9310e50c705c5b192fbb97118746dacdbe5,in,
0x07d174a9206417e8831dbacf6585f768dde813b5,-,Eoa,1.31,0.03%,2024/6/5 8:14,0x7857105293f126f973f8fd8b2f2ddd6fd0a62fbdf551c285b26de64a68bab2cb,78331.92243,0x5c2ed810328349100a66b82b78a1791b101c9d61,0x07d174a9206417e8831dbacf6585f768dde813b5,in,
0xd9d3dd56936f90ea4c7677f554dfefd45ef6df0f,-,Eoa,1.31,0.03%,2024/1/27 1:29,0xe9e9c72d2cb02d9fe4e32155fb63e60eece9dec7c53b69fa42d7d15cdcee00ad,67763.59655,0xba12222222228d8ba445958a75a0704d566bf2c8,0xd9d3dd56936f90ea4c7677f554dfefd45ef6df0f,in,
0xa41395b50812e15891867eb4521353821a2e7131,-,Eoa,1.3,0.03%,2024/5/20 20:12,0x2369427846940bcf0e998fa7fd278eb5f2c73837fa8f336e321ecf84dfa77c8d,59974.09502,0xdef171fe48cf0115b1d80b88dc8eab59176fee57,0xa41395b50812e15891867eb4521353821a2e7131,in,
0x4e032950eee12907168a38a2be364d0b11ff6dc8,-,Eoa,1.3,0.03%,2022/11/25 15:05,0x73858e8d3ea0b8decac14f8c09480bbf0d09680ce3950522790b637cc6e87817,77796.83563,0x078f358208685046a11c85e8ad32895ded33a249,0x4e032950eee12907168a38a2be364d0b11ff6dc8,in,是
0xb74c005992bf037b4a4cc22f523404c8db0c3ace,-,Eoa,1.29,0.03%,2024/8/11 6:10,0x9d19d19fa63ad51fceac6617cd2e787940ee25a7e406fe724b6647edc895a77f,35763.252,0xec7be89e9d109e7e3fec59c222cf297125fefda2,0xb74c005992bf037b4a4cc22f523404c8db0c3ace,in,
0x3d543451e0c919f85b2edc7877711f5546a794a2,-,Eoa,1.29,0.03%,2021/7/27 5:53,0xcde73ccb0ed4474a839f61ba6a180d8f2057c03c26a30b3337abc6ee128f37ea,39968.63492,0x0f85a912448279111694f4ba4f85dc641c54b594,0x3d543451e0c919f85b2edc7877711f5546a794a2,in,是
0x49100879465487be9528017a0dcbf4a9c9a0c32f,-,Eoa,1.29,0.03%,2022/11/15 12:55,0x7b42a55150fbcbeabe9919ea549708bfe0ac8db4f6e128fbafe90648920f5d8d,77089.63401,0x50eaedb835021e4a108b7290636d62e9765cc6d7,0x49100879465487be9528017a0dcbf4a9c9a0c32f,in,是
0xef5fa577379b4b5a79fdf31ce2898558865d2052,-,Eoa,1.28,0.03%,2022/11/28 11:53,0x3093036af840860e6fcf048146d9d3cfe238e5bf4cec5460558384bb8e6d819b,76512.36864,0x5c2ed810328349100a66b82b78a1791b101c9d61,0xef5fa577379b4b5a79fdf31ce2898558865d2052,in,是
0x23d0f8944468f79fb06850c136a0e6b3ee4a450f,-,Eoa,1.28,0.03%,2024/8/3 10:36,0x96ba531c3455d3cdce7f9d834dc3ea8c104bf97698593bfd8bc9def663183adf,76467.50125,0x23d0f8944468f79fb06850c136a0e6b3ee4a450f,0x078f358208685046a11c85e8ad32895ded33a249,out,
0x537d63ce09dfeac0c802a5817058f16c296d0776,-,Eoa,1.28,0.03%,2022/11/13 23:26,0xe0789c1f433c91c2c106450754d6f2fd0b67fb15cf2bc2d8897a9746a2ddedd2,76347.60197,0x078f358208685046a11c85e8ad32895ded33a249,0x537d63ce09dfeac0c802a5817058f16c296d0776,in,是
0x374160d8344d05e6fd755d57eff1b0b147d2a43d,-,Eoa,1.27,0.03%,2023/12/4 9:08,0x197bcc3f00beb795af88089703ba93f0b4606ee650652e36b2f962093be6742f,60332.30929,0x847b64f9d3a95e977d157866447a5c0a5dfa0ee5,0x374160d8344d05e6fd755d57eff1b0b147d2a43d,in,是
0xb89560d7b33ea8d787eaaefbce1268f8991db9e1,-,Eoa,1.27,0.03%,2024/6/24 14:41,0xe12be31b851a4e2fa03e8013acdbbe7a470bf3ff33d8eae1abc86650189f28e9,24751.91599,0x6a000f20005980200259b80c5102003040001068,0xb89560d7b33ea8d787eaaefbce1268f8991db9e1,in,
0x661f3948a62a2ed1b5005505366059bd2120cdbb,-,Eoa,1.26,0.03%,2023/10/1 7:21,0xf91febc865b2f51c5524e39f12bd3681fc107190edb1d2f8f84f28b747c59631,11183.29109,0xf0d4c12a5768d806021f80a262b4d39d26c58b8d,0x661f3948a62a2ed1b5005505366059bd2120cdbb,in,是
0xb68e9d2f6d06e9a5fd71d5a441c6f7efc9702155,-,Eoa,1.26,0.03%,2023/9/1 22:21,0xe1b73aa128e3edd059b2206ed84d5d6c62741da58daaebd38c44d13d017c04d6,75563.52962,0xad45f74009c9750598d663cda52459258fec5062,0xb68e9d2f6d06e9a5fd71d5a441c6f7efc9702155,in,是
0xd0b53c43d3e0b58909c38487aa0c3af7dfa2d8c0,Sorbet Finance Hack Alert 141,Eoa,1.25,0.02%,2023/7/31 4:02,0x6f91409882ca9732766acfee181b1067521b90f05dffa956be76efc0c911153c,22542.04266,0x1111111254eeb25477b68fb85ed929f73a960582,0xd0b53c43d3e0b58909c38487aa0c3af7dfa2d8c0,in,是
0x31e71918acfb95feb32a34ab03f26c01e4d6a966,-,Eoa,1.25,0.02%,2024/3/6 11:04,0x048f6c595e1a74a34caafd7901fa3b1100987404749070a1a67fbf1b6cf397e4,59605.4206,0x0aee1e996e667de0ca71cfaaa580c8130c20e895,0x31e71918acfb95feb32a34ab03f26c01e4d6a966,in,
0x1e955aa345db4af2c9f2187283693fff4fb541f3,-,Eoa,1.24,0.02%,2024/3/11 8:01,0x0dcd814660b33bc356f07bc713bef8a7fec97798345018f875ade416fc225dc8,21240.36817,0x5c2ed810328349100a66b82b78a1791b101c9d61,0x1e955aa345db4af2c9f2187283693fff4fb541f3,in,
0x710ad86c68c209c17df9cd13db36e774ee18e1e1,-,Eoa,1.23,0.02%,2023/9/17 6:49,0xa52f6bcf536569988083d6016b4f38924f769d6b732177c5209e580eca9d2c3d,73382.75924,0xaf304d0371ac4cb628aa7e7f0ae46ddde1ece1c0,0x710ad86c68c209c17df9cd13db36e774ee18e1e1,in,是
0x4498d841dc2e3da788ff3fe847217ff5d97885fb,-,Eoa,1.22,0.02%,2022/9/1 20:54,0x1da783e8d36ff65d7ce9341185b859cb1710c5afbe041544f5fefabec8d19ff9,84232.12944,0x4498d841dc2e3da788ff3fe847217ff5d97885fb,0xeef1a9507b3d505f0062f2be9453981255b503c8,out,是
0x2f74bd41940a188eb8d0fd0d5a6e92e93ec7a4a8,-,Eoa,1.21,0.02%,2024/4/6 3:18,0x8abebae73519f0a0e804340a429a2f2750e43bb81fda490982f006fd6f6cab20,59605.42,0x078f358208685046a11c85e8ad32895ded33a249,0x2f74bd41940a188eb8d0fd0d5a6e92e93ec7a4a8,in,
0x5f3e6a1ce8487a3851b9b78f29722e698e607006,-,Eoa,1.2,0.02%,2022/11/20 12:28,0x51d8d3c8e3296478c8e402fc0a6061f9aee46799533c4c5912d2214e17502ce4,71819.61902,0x1111111254eeb25477b68fb85ed929f73a960582,0x5f3e6a1ce8487a3851b9b78f29722e698e607006,in,是
0x4a0c5e30638fec5da963e9df72d42db804c2d4c9,-,Eoa,1.2,0.02%,2024/5/27 23:10,0x636ee5d43a980d78abea2146a67e21c65386d5a5b41966abe5bfbcad0a5999ed,71579.86694,0xec7be89e9d109e7e3fec59c222cf297125fefda2,0x4a0c5e30638fec5da963e9df72d42db804c2d4c9,in,
0xe391a5a62287af7a3e4fd526a477640d19bdf696,-,Eoa,1.18,0.02%,2024/3/24 16:13,0x1c08b86f48d46fb0bc3b5f9568e0dd954d7e81d34f4868f05c62a1f4e742bdd1,17182.40435,0x8f8e95ff4b4c5e354ccb005c6b0278492d7b5907,0xe391a5a62287af7a3e4fd526a477640d19bdf696,in,
0xb7a48047e8bc0f5cb126f061b197b0c1db70aa1a,-,Eoa,1.18,0.02%,2023/12/27 19:51,0xd5509877bd65f197f3c3fb8d9f4084ded50475be0bf67bcac56a45bcf50bcb9e,14592.94762,0x50eaedb835021e4a108b7290636d62e9765cc6d7,0xb7a48047e8bc0f5cb126f061b197b0c1db70aa1a,in,是
0x09d70f5685cdd09b8531d7aeab88f488ff2490f4,-,Eoa,1.18,0.02%,2024/8/2 12:54,0x326b61d75c3bcab6550b06592e80514de26d6055368f8f902afa252774cddd11,70616.91993,0x09d70f5685cdd09b8531d7aeab88f488ff2490f4,0xe37e799d5077682fa0a244d46e5649f71457bd09,out,
0xe488e5ba17966ccec1406cff227e076b79a16fd4,-,Eoa,1.17,0.02%,2024/2/8 15:01,0xa40d349a5945a8d6426bd1e28c15e83c005adee54db931f121c35f90e4d1289a,10968.69072,0xdef171fe48cf0115b1d80b88dc8eab59176fee57,0xe488e5ba17966ccec1406cff227e076b79a16fd4,in,
0x9a7332fabf273e403249a8380215df1a382f9937,-,Eoa,1.15,0.02%,2024/8/12 11:11,0x258d56a3a5072540f399d47fbe5245e988edd11f5807b1bebcf4c961ffbcedc1,59605.42,0x9a7332fabf273e403249a8380215df1a382f9937,0x078f358208685046a11c85e8ad32895ded33a249,out,
0x4158262ec794e00d80a60000edab2262369f4625,jedininjabot,Eoa,1.15,0.02%,2023/9/8 0:46,0xf0e04e7c3d89012e02febc60243a33d94138e9500a530dda78416f4fcf384ea2,68448.97782,0x5c2ed810328349100a66b82b78a1791b101c9d61,0x4158262ec794e00d80a60000edab2262369f4625,in,是
0x6af2f265c9b860c6aa92aeb6656849f7b7f27ea8,-,Eoa,1.13,0.02%,2022/12/21 13:20,0xd5c9838546d920eb5c15d760d319c0e9a4314bd5814ef2c76eb956c0586437ef,60929.94065,0x5c2ed810328349100a66b82b78a1791b101c9d61,0x6af2f265c9b860c6aa92aeb6656849f7b7f27ea8,in,是
0x48fce0d0dcfa6eff4fb6f02ef5debe38186ca8c2,-,Eoa,1.13,0.02%,2022/11/6 22:02,0x9cfda84477226541546b538c074b4f81cf2523cfcb25e3939fd499b1ec948b40,67676.12858,0xaddc9c73f3cbad4e647eaff691715898825ac20c,0x48fce0d0dcfa6eff4fb6f02ef5debe38186ca8c2,in,是
0x75daa3b4352a14ce408d57471d53544819efa096,-,Eoa,1.12,0.02%,2024/4/11 8:31,0xa60e51cdafabce9afd20c0de2d0b95d6ae9f2d91415082ba99171c327768d76f,29186.59917,0x1231deb6f5749ef6ce6943a275a1d3e7486f4eae,0x75daa3b4352a14ce408d57471d53544819efa096,in,
0x8d0a314f83b7f481dd0909a6c4a8daa6502ea324,-,Eoa,1.11,0.02%,2024/1/3 13:31,0x50a251c06288b247cdd5c1e518878923e19cb8d3f5680f655963fb1edb26df5f,66649.62788,0xdef171fe48cf0115b1d80b88dc8eab59176fee57,0x8d0a314f83b7f481dd0909a6c4a8daa6502ea324,in,
0x16590fc840c195742d61dd160c19f3825e820c59,ballena_eth,Eoa,1.11,0.02%,2024/4/23 23:02,0x979ab851c3a95063a67e97178462f5e1a906d7a9516d073a85add23a3c48543e,17910.22826,0xec7be89e9d109e7e3fec59c222cf297125fefda2,0x16590fc840c195742d61dd160c19f3825e820c59,in,
0xfd76cac108f1240828e621dad175a8036407a3e6,-,Eoa,1.11,0.02%,2023/10/16 15:04,0xffeff7906fc0920ad4320a1b94a672280b050079798eb27d6143a6343ac1c504,28615.83734,0x1111111254eeb25477b68fb85ed929f73a960582,0xfd76cac108f1240828e621dad175a8036407a3e6,in,是
0x006eff58d7222d7a0afe138013923e7024b986e9,-,Eoa,1.1,0.02%,2021/11/18 23:29,0x872df7c8eecaa4811108aab02b7346b3eb60dc8f564a31ede8493be024470d9e,65912.60686,0xdc9232e2df177d7a12fdff6ecbab114e2231198d,0x006eff58d7222d7a0afe138013923e7024b986e9,in,是
0x71c3045b3a2658cbeeec0dd52bc38f042221d18e,-,Eoa,1.09,0.02%,2024/1/27 7:50,0x004c39d78b2e7283f8d3e4b5e845f2039efa939169c232f011dd758d42056d65,65364.44084,0x054f1c6126b390978a8f935e6c59e83f2a5a9598,0x71c3045b3a2658cbeeec0dd52bc38f042221d18e,in,
0xd9fdd7314cc201bcb3a1a5455b4c458a76eca718,-,Eoa,1.09,0.02%,2024/8/5 2:38,0x9db424b8ab44f4414e7b6679b4202a8edc803d78497fa02f7ede947f8de0429e,35452.98314,0xd9fdd7314cc201bcb3a1a5455b4c458a76eca718,0x078f358208685046a11c85e8ad32895ded33a249,out,
0xb7cdc17098a1e99a56a5b7c54cfbf79be2443833,-,Eoa,1.09,0.02%,2023/3/11 12:08,0x93dd09380ab3130423c94122061ed80d3d4296ad078fe8218e7455b7f642fc0f,65143.54196,0x50eaedb835021e4a108b7290636d62e9765cc6d7,0xb7cdc17098a1e99a56a5b7c54cfbf79be2443833,in,是
0x01464db4f0c4d596ffdecadb7418f7f2ab207d92,-,Eoa,1.09,0.02%,2022/11/29 15:55,0xac3475b0456d4d92e84d1d7aa575e48005fd67f376be9fa397c69b55db482597,59426.77898,0x5c2ed810328349100a66b82b78a1791b101c9d61,0x01464db4f0c4d596ffdecadb7418f7f2ab207d92,in,是
0xaeeca4c6a38fe816340f47fa6f8b979edd195526,-,Eoa,1.09,0.02%,2024/7/21 8:20,0x75419107abf2dd8290569af76218d94d0dd7242797e25d9aa6a16bc7c4a26418,56772.12047,0x87480843c0c8f656045a04856828118cd6fc468b,0xaeeca4c6a38fe816340f47fa6f8b979edd195526,in,
0x763c78ec6f0862d93a29283aff4e888d8a574275,-,Eoa,1.08,0.02%,2024/7/12 14:35,0x947038847793238daa5ff9e94a212996e7973d4edcc9c7d37cd83867ab1f42d8,64629.87914,0x5c2ed810328349100a66b82b78a1791b101c9d61,0x763c78ec6f0862d93a29283aff4e888d8a574275,in,
0x162900a7b4b91dcac0e0bf92f5d0a1a5b8f6a047,-,Eoa,1.07,0.02%,2024/3/6 10:12,0x7a96939d4cb23667ffe2952af889edc1a5d5ad8347bb43b397d74d50735abb37,13427.71649,0xf081470f5c6fbccf48cc4e5b82dd926409dcdd67,0x162900a7b4b91dcac0e0bf92f5d0a1a5b8f6a047,in,
0x9f3c2323ec29d1f6089d80bc31508e1b713185f7,-,Eoa,1.06,0.02%,2023/8/30 16:28,0x7b606eeef2d7e41d5a79b7dcbc4335cc51823be59a2b2fec690ad12f769d1c4b,36034.71773,0xc590175e458b83680867afd273527ff58f74c02b,0x9f3c2323ec29d1f6089d80bc31508e1b713185f7,in,是
0x952653cc6475836de60312a3a8dcc3531c717aa1,-,Eoa,1.06,0.02%,2022/11/17 7:09,0xa7e4c5070ea99898192ff7f90debfea7a8041046469fd9f53822765d2e10e08f,63575.14753,0x3b9128ddd834ce06a60b0ec31ccfb11582d8ee18,0x952653cc6475836de60312a3a8dcc3531c717aa1,in,是
0x07dbaeb4b8ee9e272774138fc076c539ad402f5b,-,Eoa,1.06,0.02%,2023/4/10 13:54,0xf06511eccadcbdfc3b7b0da23832b25b00dfbcf30eafb4c908378ab1c6889d37,63181.7452,0xd814b26554204245a30f8a42c289af582421bf04,0x07dbaeb4b8ee9e272774138fc076c539ad402f5b,in,是
0x3543da018a98be1955dd7895365a7c68531f56c5,-,Eoa,1.06,0.02%,2022/8/5 1:18,0x3b87ac7b9ee5e20f55f23a5bd017b6a82eeb1686dc7c2e21aa8bdcb4302225d1,10405.68176,0x3543da018a98be1955dd7895365a7c68531f56c5,0xdc9232e2df177d7a12fdff6ecbab114e2231198d,out,是
0x8c73c74b268bca88fc2ad43c68dddad48ad55279,-,Eoa,1.06,0.02%,2024/3/6 16:21,0x3bbb12b9c5cc139bd57bb2c9fd0614cafffdd6c657ac14094b9522a7897fc55c,17647.20146,0xc590175e458b83680867afd273527ff58f74c02b,0x8c73c74b268bca88fc2ad43c68dddad48ad55279,in,
0x25676a5f575c1a99632107d979d732ee77701bd9,-,Eoa,1.06,0.02%,2024/1/11 1:58,0x7e718f23c26bcb61935b377f3eaec6337c8009591e886c1ea8186cfd493be8bb,62016.28161,0xd051605e07c2b526ed9406a555601aa4db8490d9,0x25676a5f575c1a99632107d979d732ee77701bd9,in,
0x299039e4cdf7bb1732d0e4162f1dc6cd4cb714ea,-,Eoa,1.06,0.02%,2023/11/17 15:33,0x1bbf1bda4b7dbe956e82cd67e59cf314ea7e1831f39fbc8aa0b7a28b65cb7bfb,63181.7452,0x51312019510a352cc85f03d18ff1fda09c66e6b4,0x299039e4cdf7bb1732d0e4162f1dc6cd4cb714ea,in,是
0x0d3a7ff87ffd4d3e131fe6147559afb24d4b8957,-,Eoa,1.05,0.02%,2023/3/11 9:01,0xd43e59ddbbd2c033fac9d9d3e5b5cde375899af1abcd7de819aeffe5d32a6169,34344.16676,0x4c60051384bd2d3c01bfc845cf5f4b44bcbe9de5,0x0d3a7ff87ffd4d3e131fe6147559afb24d4b8957,in,是
0xbdd1f56d6ad21c0448a4efeda5113a3a2eec8908,-,Eoa,1.05,0.02%,,,0,,,,
0x97a9fb8072af1bb71dc0388c1186a4b9f67db6ef,-,Eoa,1.05,0.02%,2024/8/5 2:15,0xc0e9e45d0368af76cc9d10d03f02049ac2e0b1c37430ff4567d1a758e60c6109,47684.336,0x97a9fb8072af1bb71dc0388c1186a4b9f67db6ef,0x50eaedb835021e4a108b7290636d62e9765cc6d7,out,
0xbb1a016f07400696eda537658a7d76e35c61f31a,-,Eoa,1.05,0.02%,2021/6/28 17:32,0x80f6f8451b9924d9b4a54c292d89ad6d080d5139f1e5aa6e9699ab5b039e087e,50113.47919,0x6ad70613d14c34aa69e1604af91c39e0591a132e,0xbb1a016f07400696eda537658a7d76e35c61f31a,in,是
0xc498cccf9b7a4cbf609318fb26efffe3288df6f4,-,Eoa,1.04,0.02%,2023/6/16 7:48,0x4e31b5122796ae56bb79f9ba06058115c9c30688cccb96da7c1c72ef84dec46b,62414.30932,0xbc1e68078e0a0f6794551d9b4efa2c98a4a8f588,0xc498cccf9b7a4cbf609318fb26efffe3288df6f4,in,是
0x09db97b12ef441abf32458064e44ecbcbec36f13,-,Eoa,1.04,0.02%,2023/3/11 7:09,0x2e2178fd10ba7b60a828ee8d15f697fdea2f9c9fac161461a0f5d5c440169a8a,62195.13721,0x2a426b3bb4fa87488387545f15d01d81352732f9,0x09db97b12ef441abf32458064e44ecbcbec36f13,in,是
0x22dfc30f7383423ca9a15690153b4e15be5dc590,-,Eoa,1.04,0.02%,2022/4/11 8:55,0x8ae2c989062e034ec1d7071183cad0d6cdae0072c9dc327609d066948f3978fc,62181.82673,0xe62ec2e799305e0d367b0cc3ee2cda135bf89816,0x22dfc30f7383423ca9a15690153b4e15be5dc590,in,是
0xabe36e3d0d69fa3f669c7df71a3d9b19f7b0e712,-,Eoa,1.04,0.02%,2023/4/22 21:21,0x063db12ec93c4bd5683a417be7bb53ca3d377b612d3b7c71724155db033b9ce6,10791.63282,0x1e8ae092651e7b14e4d0f93611267c5be19b8b9f,0xabe36e3d0d69fa3f669c7df71a3d9b19f7b0e712,in,是
0x7a1a6ddb2a0dda63aa7fe91ba17c600f329433c3,Jorge,Eoa,1.03,0.02%,2024/8/10 20:34,0x234cee0d914aba0f35710b651777b713f29b8e139704b86cd2629d9f0ddd148d,61456.62368,0x7a1a6ddb2a0dda63aa7fe91ba17c600f329433c3,0xa8376f53391a041c8236a232f7f019ea76eed86d,out,
0xa8801bcec8f6b1158e622a9ff0ca0e683d4b656c,-,Eoa,1.02,0.02%,2024/7/11 14:14,0x31a778052ac9957a6168ecc40363e69b197e370cfd21ed5de19175801958def2,12740.65852,0xa8801bcec8f6b1158e622a9ff0ca0e683d4b656c,0x50eaedb835021e4a108b7290636d62e9765cc6d7,out,
0xd6afd6df794ac76c573f9019c0fb806afe7c12c7,-,Eoa,1.02,0.02%,2024/3/18 11:17,0xd3a20dee6e44e5dd7b2a7d668e16e8bc51a77a1d482abe04d666710a881df238,61093.09082,0xf48c341a11f4fcdf29dfebbcf10a049a5ec6957a,0xd6afd6df794ac76c573f9019c0fb806afe7c12c7,in,
0xb54d4630b0318fb1bd70750b5ed62333b04c8e4a,-,Eoa,1.02,0.02%,2023/5/5 3:18,0x82b8857c99fdc315926fe34bee40c0718cfcfcdabc550a3d3fcafb5f4b8f8bf1,17881.626,0xb54d4630b0318fb1bd70750b5ed62333b04c8e4a,0x5c2ed810328349100a66b82b78a1791b101c9d61,out,是
0xe3aeae2318b322a184f6952afb517135449e8e44,-,Eoa,1.01,0.02%,2023/1/15 4:42,0x1639b0d266a712cae63de99eeebb0371c12f6c6e7677ab0d2198e2ec59adfffa,60090.40188,0xdc9232e2df177d7a12fdff6ecbab114e2231198d,0xe3aeae2318b322a184f6952afb517135449e8e44,in,是
0x3aa93a1d4f805c91149aacb616fe35b44e1b5723,-,Eoa,1.01,0.02%,2024/8/1 8:33,0x118d23763389b07b424a1001898a2ef8410f136793e3a248bf2290c8c2dc48a4,60623.73092,0x3aa93a1d4f805c91149aacb616fe35b44e1b5723,0xdef171fe48cf0115b1d80b88dc8eab59176fee57,out,
0xec3702fbb65905335011463b2f3115b8cbf18357,-,Eoa,1.01,0.02%,,,0,,,,
0x54735e8a5f1fd812475ed496349c872d410d91e5,-,Eoa,1.01,0.02%,2023/3/20 18:13,0x9a6e7bd5dcc951735e578e26208cc8c6a495615db61b30015308fbcc331475f0,45300.1192,0x54735e8a5f1fd812475ed496349c872d410d91e5,0x50eaedb835021e4a108b7290636d62e9765cc6d7,out,是
0x784bd6ed1430ec166d766e6cb90fed277f2ebb27,-,Eoa,1.01,0.02%,2024/8/9 9:16,0x7d810a4dc9ebd3aeeb90fbb8324f3ee47a0a4c019c1ea98b257e877318c6de62,60249.84877,0x784bd6ed1430ec166d766e6cb90fed277f2ebb27,0x0000000000000000000000000000000000000000,out,
0xa0739f92dc3b12a1729478fc6ba113508e48c82c,-,Eoa,1.01,0.02%,2022/11/8 22:06,0xdfd067b8a6259b98f6bd3683099394aa442f9e6dde6e417e9fc19ccfdd6e239e,45300.1198,0xdef171fe48cf0115b1d80b88dc8eab59176fee57,0xa0739f92dc3b12a1729478fc6ba113508e48c82c,in,是
0x7f7b13597cd76a9d996c245cbcf27c914ac8068d,-,Eoa,1,0.02%,2023/7/23 16:37,0x76eccf979774226565363f9c2bbfb27affb9da21d36f01928d915a8cf18225a4,60201.4742,0x286680b3e395a6c9246552e82e86e300d4de07f0,0x7f7b13597cd76a9d996c245cbcf27c914ac8068d,in,是
0xda84e12052e7f1ad5ae0c0d3f2136435db445ee3,-,Eoa,1,0.02%,2023/9/7 11:14,0xdb255a5ff27d9ddaab973eed541a8b681ae9222ea2073d864dcd7ec690ec1af5,13891.76257,0x1231deb6f5749ef6ce6943a275a1d3e7486f4eae,0xda84e12052e7f1ad5ae0c0d3f2136435db445ee3,in,是
0x303cfbfff65bf9215ceb590ee95a82a64d3774b7,-,Eoa,1,0.02%,2023/8/17 22:48,0x45c3066013b440fa3cc17a522173957e64d92733ba593d3f9435955014ccacf4,11103.303,0x078f358208685046a11c85e8ad32895ded33a249,0x303cfbfff65bf9215ceb590ee95a82a64d3774b7,in,是
0xf368526d19491e8329d4f4d8108c43dd5b5771c5,-,Eoa,1,0.02%,2023/4/27 20:18,0x952e039f8dc5e061a995e52d7a9c2c913ac26f05001404962019144f70884c03,56989.05916,0x50eaedb835021e4a108b7290636d62e9765cc6d7,0xf368526d19491e8329d4f4d8108c43dd5b5771c5,in,是
0x4e5e6c73f5b94a0d390bde3cca9330cee79c1810,-,Eoa,1,0.02%,2023/7/3 18:09,0xd2659aff2df253953b85213133ec30c27a41daa62b1c6b644ed6d7e17f3b7ad5,59919.58288,0x1111111254fb6c44bac0bed2854e76f90643097d,0x4e5e6c73f5b94a0d390bde3cca9330cee79c1810,in,是
0x03d3b799462c5e0d132f85056825a0ecd465ec20,-,Eoa,1,0.02%,2024/7/8 17:39,0x4401cf4dfc006bfebf45aa5d653e4b3d9422ca3783122eb90582ebe4e277bc34,59607.28386,0xb03c117f674b97317eb3806aee0b4fc7a292ad86,0x03d3b799462c5e0d132f85056825a0ecd465ec20,in,
0xaf331ce1baf8dc61fc7f99730216231a054ad97c,-,Eoa,1,0.02%,2022/6/11 7:56,0x88fe27d1dcfa3e18a4c2ca6627f518b23fcccfbeabcc1a529eaf382e9efb7532,55032.62152,0x5c2ed810328349100a66b82b78a1791b101c9d61,0xaf331ce1baf8dc61fc7f99730216231a054ad97c,in,是
0x91d2092283a517cf8b5d1c1a8d4e1fe4c075177c,-,Eoa,1,0.02%,2023/12/7 17:23,0xee02520b73cc66eae61e6d3ba38ae822d2377240965e6566a4d197bb0239aac4,59732.27285,0x37131aedd3da288467b6ebe9a77c523a700e6ca1,0x91d2092283a517cf8b5d1c1a8d4e1fe4c075177c,in,是
0xfe55c0ec3642fc79d4eb2c591a0641f187fb0337,-,Eoa,1,0.02%,2024/2/25 12:37,0xab8b23503d1cbb3dd526b2cb6256b96eed3f5c07ddb39545ab0cd6b41baaaa8d,59721.5546,0x078f358208685046a11c85e8ad32895ded33a249,0xfe55c0ec3642fc79d4eb2c591a0641f187fb0337,in,
0xbddced17eee4ba58b4d982d3d80aa77416241491,-,Eoa,1,0.02%,2023/9/26 8:41,0xd421f01908e59127e068ab1e943bae9fb67ac61b0af11176f5811b53c729d8a8,12722.84843,0xbddced17eee4ba58b4d982d3d80aa77416241491,0x45a492734aeb2a9b640d00b733cc48f649d99c94,out,是
0xd866e3b1c0fd1ec33603aeaca485fe09c6feb8dd,-,Eoa,1,0.02%,2023/2/2 18:44,0xd740c2839e48327daf8554e776cec6f3e75e215b03912362a814e1589c766b5e,24145.7396,0x50eaedb835021e4a108b7290636d62e9765cc6d7,0xd866e3b1c0fd1ec33603aeaca485fe09c6feb8dd,in,是
0x9771bc47f05a15649db6e13529087a333767d312,-,Eoa,1,0.02%,2022/1/1 20:59,0x7c449de2eb0cab62e0ef9e197e5315e4b173df995d89cd65a782839c8b82a69c,68569.9649,0x0000000000000000000000000000000000000000,0x9771bc47f05a15649db6e13529087a333767d312,in,是
0x76f814779b5a6292def658c4f06362cb760c464c,-,Eoa,1,0.02%,2023/10/16 15:45,0xf8fcb770e834014b132b857e485c1a50ea6ea210db37752594624055959ac46b,29800.5505,0x76f814779b5a6292def658c4f06362cb760c464c,0xe37e799d5077682fa0a244d46e5649f71457bd09,out,是
0x14b95ed55c0825a30c5bf6d4905379e06749b117,-,Eoa,1,0.02%,2022/6/20 9:35,0x32502836e53aafa4ea34fcbcd0b9b45ab303a1933314c26fc41d6d2ffb3b9970,59605.91115,0x1111111254fb6c44bac0bed2854e76f90643097d,0x14b95ed55c0825a30c5bf6d4905379e06749b117,in,是
0xed830a39941e8260afff02e04220dbad3662a3c2,-,Eoa,1,0.02%,2023/3/1 14:59,0x2ece7fdd2c6007556d9f516750f8cacf6fddd95790eb5acc72cb2eb2ceda11ed,59605.44325,0xc8b8293b490492b8bdf40c77527d27eb370fdb51,0xed830a39941e8260afff02e04220dbad3662a3c2,in,是
0xa76f8f50f88a0b6a67823ae0acf2a47fed89d2b3,-,Eoa,1,0.02%,2024/4/19 5:19,0xe940a1bf943631ff9f101e8ef8330d8efd9a24d6b446c98e775e691045f8ee05,93699.9527,0xa76f8f50f88a0b6a67823ae0acf2a47fed89d2b3,0x13202d52ffe3002db4159982db90684fe5651384,out,
0x48b221d93710a94eb17370976f3e3f07e377a392,-,Eoa,1,0.02%,2024/8/6 2:12,0x0fe81c3d8e2b9e1f6f5bb4f0aa654e9d7afb15a2677eecd4c601614e0cb8a0ee,29206.6558,0x064d2af87a0b03aa65646c9a5c739f8cf0335c94,0x48b221d93710a94eb17370976f3e3f07e377a392,in,
0x231e59db4fe9d7316617e0d2853f9a0f8a9bcbfc,-,Eoa,1,0.02%,2024/3/9 14:54,0xc69906886c8c4290dcb7b69177024f2472cd1112ade6ef3eeaf228389752c804,38743.523,0x50eaedb835021e4a108b7290636d62e9765cc6d7,0x231e59db4fe9d7316617e0d2853f9a0f8a9bcbfc,in,
0x8b0634cbf28531852e25ad19f64b781d33cc1881,-,Eoa,1,0.02%,2024/7/8 11:06,0xcb459de07ca0126b5dedde369762a92598a453d78b75acbc59cceffb36a0a7b1,59605.42,0xec7be89e9d109e7e3fec59c222cf297125fefda2,0x8b0634cbf28531852e25ad19f64b781d33cc1881,in,
0x31b45bdb2a9aa7e4b28665c92a57e83b76c62fed,-,Eoa,1,0.02%,2024/7/12 6:59,0x3a38b23378153479eb3e3719a8671fcb11714a11243625ed2c03363ec26e4675,59605.42,0xec7be89e9d109e7e3fec59c222cf297125fefda2,0x31b45bdb2a9aa7e4b28665c92a57e83b76c62fed,in,
0xcaeda4313d1660ec92bfdcd804b12e8346889da1,-,Eoa,1,0.02%,2023/7/26 5:33,0x14dc82b2c796624651180115e47ab4a01123c4f3056374e4f980551c6b93906d,50664.607,0x50eaedb835021e4a108b7290636d62e9765cc6d7,0xcaeda4313d1660ec92bfdcd804b12e8346889da1,in,是
0x6b9f01301123722348fd98c37eda48d085141f94,-,Eoa,1,0.02%,2023/4/4 11:04,0xfb33a7052ddc1955e9b311ad9fc61bc2973c4b813731e985704f6bc22a92b066,59605.42,0x5c2ed810328349100a66b82b78a1791b101c9d61,0x6b9f01301123722348fd98c37eda48d085141f94,in,是
0x503f29bb3bcb7ee731c9019f50ef2f41e732c6a0,-,Eoa,1,0.02%,2023/7/8 17:24,0x1f2be41b4041d9771e45b3aeb7aebe2a0b4c1faad38ef70126f5d891b2f43d3b,50664.607,0x50eaedb835021e4a108b7290636d62e9765cc6d7,0x503f29bb3bcb7ee731c9019f50ef2f41e732c6a0,in,是
