Address,Address Tag,Type,Token Balance,Percentage,Txhash,DateTime,Value,Transfer Type
0x058a871358c1b01039a265635ea282c3f435a9ed,Binance US:Cold,Eoa,"66,728,509.57",0.93%,0xe240c5f18c63b47538cd36501aa7ef3a61c4ae9123460e1d25a2a05ca52be6f1,2024-07-05 14:24:23,"$14,944,635.00",out
0xd183f2bbf8b28d9fec8367cb06fe72b88778c86b,-,Eoa,"36,045,255.60",0.50%,0x53e5ca4f4436b3f690c4cb41a66a3edbe9be7feaf32811cb50b18e9902620c5c,2023-12-04 14:39:30,"$28,087.16",in
0x56306851238d7aee9fac8cdd6877e92f83d5924c,-,Eoa,"30,000,000.08",0.42%,0x1ae6f155a2e2584cce0597843345e5aa3d1ee82373bc5e25e4c662899e46a677,2023-08-21 13:45:49,"$29,889,270.00",in
0x434742703055bd20f42142d9d70b0735a5eb1b14,-,Eoa,"28,430,000.00",0.40%,,,,
0x6a0b3611214d5001fa5efae91b7222a316c12b52,-,Eoa,"21,786,365.25",0.30%,0x68ff9ae2ce987969406f6d528943efa1cdc6f6cccd5009cdf32b29bf6f68ec4e,2023-05-29 02:23:44,"$849,408.13",out
0x56152e13828f78cdcc90a6b016df0aec0985e2f3,Bitkub,Eoa,"18,931,647.17",0.26%,0x1c26fe07a5525d1925991464a503f8f7c6eaeae94c30b955714155073dffff79,2024-08-05 02:15:07,"$140,483.50",in
0x1ab4973a48dc892cd9971ece8e01dcc7688f8f23,Bitget,Eoa,"17,301,393.35",0.24%,0xf9eaf87bdf717945c927ceefd1c527a15e2a29c58f1eb38adf519238aee4d923,2024-08-05 02:14:52,"$19,925.85",out
0xfa500178de024bf43cfa69b7e636a28ab68f2741,Stake.com,Eoa,"15,630,849.85",0.21%,0x66a34ae5c832b6177fdcf572e05e28dcc80c45edb25bc47c4d4255b5fe1ad102,2024-08-05 02:09:10,"$13,042.49",out
0xd3a22590f8243f8e83ac230d1842c9af0404c4a1,Ceffu:Custody Cold Wallet,Eoa,"14,979,272.64",0.21%,0x9491b905756513d582b473d8a98add80ab6ddebbeec0fe0fba7f25766c6e5c80,2024-07-30 07:40:24,"$11,086,832.68",in
0xd34f9d1b649c7cd5efc355c1cb6b1a481234616d,-,Eoa,"13,800,895.03",0.19%,0x120c0505fd468bd64eab8947e9df227d8d1cbacedbb7f1a2524e37abe1133c81,2024-04-30 09:46:23,"$996,309.00",out
0x53f78a071d04224b8e254e243fffc6d9f2f3fa23,KuCoin,Eoa,"13,605,011.31",0.19%,0xb213050f131b0f1c27abf0521878022c10b8eeb928caac03be80dd58b231f63d,2024-08-05 01:57:16,"$99,630.90",in
0x0966602e47f6a3ca5692529f1d54ecd1d9b09175,-,Eoa,"12,139,113.60",0.17%,0x906595d87968ad5a9f0d25a085c9469643dea5f57661b170c593ce23e240e017,2024-02-28 09:34:12,"$249,077.25",out
0x0e4158c85ff724526233c1aeb4ff6f0c46827fbe,Ceffu:Custody Hot Wallet,Eoa,"11,763,300.38",0.16%,0x5316098d7c47576fb8e59a403c56287ac7caa35ba7362bcc5013415eb7dd2d9f,2024-08-04 17:34:44,"$29,886.08",out
0x924c4b93a2ccee5f945d938c58f80e2767be9add,-,Eoa,"11,472,097.75",0.16%,,,,
0x1e5248c4642229df2eec626f5d9c4c7feec5e73f,-,Eoa,"10,054,629.88",0.14%,0xabb155104d65bc0fa0cbf4caffa91c3e59807ec06692179dea8d33a48d6c2f75,2024-08-04 19:09:13,"$78,905.68",out
0x0bfb8b0156d67c381fb23f64fb52df3f22e78c50,-,Eoa,"8,606,069.81",0.12%,0x9f6f556173f72c6f1b01246102dfeff8ffe05a0c0e13dfab49788ea4785b4ae7,2024-04-26 19:55:55,"$2,391,141.60",in
0x989536719a72cfd50348ccd5521256c7eb41a999,-,Eoa,"8,205,272.44",0.11%,0x0b24d3b86a26dc9bc0a06c4398ba700fa80d040169d3fe2f02fbb4586e42fcfc,2024-08-05 01:11:51,"$199,261.80",out
0x4efab445c8f9eed89b39429b6b2bb04a1767251b,-,Eoa,"7,500,000.12",0.10%,0xb14859ee6ed27d75ab3572c4f5466879157294c4a412ed4a05b1dfb92d6a78b3,2024-06-28 05:38:54,"$182,310.60",out
0x563617b87d8bb3f2f14bb5a581f2e19f80b52008,-,Eoa,"7,112,463.55",0.10%,0x4c071a9668bd5480166c5abc1be4ee3c707e67ee3d7ace3333a6ad69408d11ba,2024-08-03 09:13:49,"$398,523.61",out
0xa88f86e5685fca7c5d6de0e4d944875b007137b5,BingX,Eoa,"7,069,931.90",0.09%,0x546ed56c4c053825dd7aaa5c00f60e736a04d60390570505820a3753ea7ec768,2024-08-05 02:11:01,"$10,088.07",out
0x66316807258b0c2cfe51e4699943bf5244d69d7d,-,Eoa,"7,000,000.00",0.09%,0x30aaa4cc5a6eb18e5740d0bb257cc6c3943a10cdc69ad377238b2d4650ced238,2024-05-31 10:15:27,"$6,974,063.37",out
0xefa417562cd30c2a571f6f27223657bba76d2110,Binance Deposit Address,Eoa,"6,228,706.05",0.08%,0x1187b14c6bf9c58e4871fccf0fdb4d694494e431b7f4c2cc7fdfd1bf5c4fc676,2024-08-05 01:23:10,"$99,630.90",in
0x8e10039f8d9811786cef8cd58480c08cddc20e08,Binance Deposit Address,Eoa,"6,000,000.00",0.08%,0x8dc7937243f963601b9927db1fde752fa543592ae3edaa90ccc958c2704f2119,2024-07-26 12:30:05,"$996,309.00",out
0xc5d372f58670bd7a529943b1ca7e95d9510ae9ed,-,Eoa,"5,418,204.76",0.07%,0x3094eb6ae3c905c1ac40e7f3217922c4bebe74f6bfdd803337911787710ecdea,2023-12-20 09:55:08,"$244,110.97",out
0x03abeccf6abc0159385406d417262ccb8b607f4f,-,Eoa,"5,418,192.07",0.07%,0x716996e8ab3fa4e11393548e2dfc0d42c5864370b8a6d5b2726bbe0db52cb139,2023-12-20 09:54:59,"$244,110.97",out
0x10a6a97653b3d4e33ed02ba1b39631da9c07b657,-,Eoa,"5,418,186.41",0.07%,0xc2fbf43d35a4ab6e49ee2161519c73ddf41915beb1cd3c304374df9a5b5b6cb9,2023-12-20 09:54:20,"$244,110.73",out
0x5c18ad1e3118654d9149148a5438eb681178fe77,-,Eoa,"5,350,025.48",0.07%,0x1187b14c6bf9c58e4871fccf0fdb4d694494e431b7f4c2cc7fdfd1bf5c4fc676,2024-08-05 01:23:10,"$99,630.90",out
0x7a4404e301431f487ebd988ec0f6a9f51c7b0e7c,-,Eoa,"5,323,883.46",0.07%,0x06cdb33eac39efbbf6286c585838e799d87c9083706546fa116cff0e15d0f8a2,2023-12-20 09:55:38,"$244,111.70",out
0x0c002ae36412e4d87f26c591c801b2b33aab5f89,-,Eoa,"5,323,877.08",0.07%,0x92564231f4ab24c11e96b1e3f1374a98ceea620f11d6f33cc64e436a910a03c1,2023-12-20 09:55:32,"$244,111.46",out
0x89803573876245df1fba481c2f3fa96232b05d8e,-,Eoa,"5,323,870.81",0.07%,0x6779ad4c4745d89e42b77168205d21974554e4e92b476bbbaf0e6c338b9bb7b1,2023-12-20 09:55:17,"$244,111.21",out
0xa5c00ab738c955e78deeb6d21c590a0bc1c7c344,-,Eoa,"5,230,511.04",0.07%,0xc68f72ca2971116d0b95149315886f8cbaa7a83a05a7077d444cb09d9bc0938b,2024-01-04 13:09:49,"$134,523.58",out
0x4d29b613a836f08950030aae10b35eb2cb41452c,-,Eoa,"5,203,597.06",0.07%,0x6d86c19d2e2bc4282c50aa9498a1c5e75025d94c5077f87477586965bc43f662,2024-08-04 19:00:31,"$448,339.05",out
0x4f58d243930045c32a8c700608dcefb5356bd45d,-,Eoa,"5,135,179.11",0.07%,0x8c015bbc8c822639c5e6c436baa6b85e43cd22bbd3720f9f64721a3a7fa8d94a,2023-12-20 09:54:44,"$244,110.97",out
0x2f821d8936d47b2fd15371fb0812fda35396036b,-,Eoa,"4,446,123.22",0.06%,0xcfc892458ad88bf9e84d04ea7514ee523437327ab166416cef3e549c0e847a81,2024-08-05 01:33:58,"$186,435.79",out
0xc7555293af17aca821e1f0fc3e5d3112a85d3ebe,-,Eoa,"4,315,614.30",0.06%,0x34ed8c71c1e6762f2cf4ff90c733a1a9e2c2c21df4b3d99ed7ef6ac76dba8e8b,2024-02-08 03:45:24,"$1,508,619.00",out
0x6fc4c02f087620cad9d49227051bd7594f1541b0,-,Eoa,"4,300,000.05",0.06%,0x0b22ba9b7ee73c55ae33fccc61c34f33f8fa7d6f533dbe186985eac5f3332e0c,2023-12-09 11:39:02,"$49,815.45",out
0xe877e518ea7c8d4f02a12c13ad4997ef4747b3cc,-,Eoa,"4,299,228.49",0.06%,0xd50c67aca09c91aedffc60ef59ef4ddb7e43f05e9bc34024323729ca39ff0da1,2023-12-20 09:56:35,"$244,112.43",out
0x364f818d34b0ef1e69ce337140056faaff8f18e9,-,Eoa,"4,256,778.71",0.05%,0xb4adc82f94eef2531d0807dcd2bdd39fe2f31956af808ec265a7595582bf4e88,2024-08-03 16:02:35,"$161,888.31",out
0xa0fca8fa8e9c6aa77305f94be0e03908d0a42900,BingX,Eoa,"4,236,351.89",0.05%,,,,
0xc5b18c9487406d458648f823ec3f3971d49ab72c,-,Eoa,"4,203,883.36",0.05%,0xfc3c4ca5bcda31055d8110579af44b071b2522621b6f88eea93ee9cc86320e62,2023-12-20 09:56:02,"$244,112.19",out
0x2161217d22fac0188775432f8ba32f1d4272dd19,MaskEX,Eoa,"4,125,765.23",0.05%,0x453a5749f6857f5092081173becd6392ea510707e57688817cbe165156210f6d,2024-08-04 07:56:30,"$1,992,618.00",out
0xc8f797c5744f38c62dfe41e80edc50876b982d2c,-,Eoa,"4,116,929.78",0.05%,0x7e05e9da9c05eb26880f21cd10374ce82058150a00f408e650ad276a4274bfc9,2024-06-18 16:52:58,"$386,305.86",out
0x13c7294a1cb6ce976c501e864c4915cdbdc2ab4b,-,Eoa,"4,110,566.85",0.05%,0x5987bd5c7c8806f9bdd2d17bf618b0365483ca6476f9ee87d5023ae6a313ace9,2023-12-20 09:57:14,"$244,113.17",out
0xb56744350badf7cb4099dfdf18f9903adc2b451a,-,Eoa,"4,110,562.68",0.05%,0x8d13173e451f16e85d1caae79b7b23eec6861a4c67ecd49bcac242c929e61341,2023-12-20 09:57:05,"$244,112.92",out
0x8be01e559b70b70431903ddb55e04c129af000e6,-,Eoa,"4,109,544.41",0.05%,0xd0af97f80369d0798fce99c67404397fa3f2b55459381f5af9c6d936d2770377,2023-12-20 09:55:47,"$244,111.95",out
0xcc78a24926dbd0bc6349ad223e20416fbfc2f66c,-,Eoa,"4,065,654.20",0.05%,0x271759cc30b19b72444262bcb5e9160816761705bbe6177e5970c0434f5606b3,2023-12-18 15:21:56,"$220,338.72",in
0xbad08c72e10767f752abaf62de644cf468ca566d,-,Eoa,"4,016,223.37",0.05%,0x419ef6c819b96079eff6ea76a9856deb206407522f92bd71a324b66ee8d9a6c8,2023-12-20 09:56:41,"$244,112.68",out
0xadc2bdc880659176d2d5259cb791e861498ac770,-,Eoa,"4,016,208.15",0.05%,0x6cb4455918f0db234467c46aafa136a78a0e9c8480518ba0e835e940cd32298d,2023-12-20 09:56:20,"$244,112.43",out
0x5f63e4f12d5c6bcea8c16d531eca2db3db068c02,-,Eoa,"4,006,815.59",0.05%,0x4b6a33e4c7ae3a7648bf2f46dbadb3b109627ed74021725ea81e75818f00acfc,2023-05-14 13:44:36,"$996,310.00",out
0xdc0b57380a6ef8ea46a2b068f1cbafa0b1737e4f,-,Eoa,"3,920,760.41",0.05%,,,,
0xbf957e1c121fa769580d29bf320ee8bff138ad12,Cobo.com:Custody,Eoa,"3,915,629.87",0.05%,0xcad893988bf5309fed52dd7d46ff51098dd5b106cd68d4dcc949ab527f0cd7d7,2024-08-05 02:04:43,"$13,921.92",out
0xa1626dd74d6d1e6ea1cb006b99f20c088a87c2db,-,Eoa,"3,879,185.47",0.05%,0x84353812bb36a85abc91efab058639381af4a22feb54c3a41f31e090f5ca4d12,2024-07-24 15:59:48,"$667,527.03",out
0xe70b8dc28e795738a772379e9d456e7d74f50ab5,CoinEx,Eoa,"3,863,153.84",0.05%,0x2eb8948ea063aa6f28ff896271d95e637cc17565956656f324c2c850130835aa,2024-08-05 02:09:13,"$35,712.50",in
0xab33e891687f9a67785a2df84834f954f0ee469e,-,Eoa,"3,800,010.00",0.05%,0xdee138a38a6bacc584b0c3c2bc4e58bc52188b947f2e37ad165788e01cdfee58,2022-06-27 15:21:51,"$498,154.50",in
0xef1eeb45ca8b36eec92e88b59f14198da2bffac3,-,Eoa,"3,752,391.67",0.05%,,,,
0x7f16639780aa0f1ae673a488d72737cc76dc4051,-,Eoa,"3,752,372.15",0.05%,,,,
0x1a34f9f7a8252a9381cec640a1c03355bdead42b,-,Eoa,"3,718,337.63",0.05%,0x82c4524434c3e14f6a3afa4858905c333221d2bdd73e9180946e52525247cefe,2024-05-01 22:34:34,"$1,620,684.45",in
0xe45a9bde2446ae7dc5fde1fd306e8865f00d2fdc,-,Eoa,"3,644,859.41",0.05%,0x430bc978d3bef02a3db95634ac4253aebb22bebf170e9003250a46d51606db5d,2023-12-20 09:57:53,"$244,113.90",out
0xb9a7a0737327e676c086fa9c35ddfb880cb2d237,-,Eoa,"3,644,841.72",0.05%,0x1764d81b9b2e7294f3f35f1e228ef03870914617fde77d0561995b622f3c2c5c,2023-12-20 09:57:23,"$244,113.17",out
0x9935aa1b263addcc6dd894273183a7080724d1af,-,Eoa,"3,627,703.36",0.05%,,,,
0x7bf2431524a894a516db93e85427674beaf674ae,-,Eoa,"3,625,236.46",0.05%,0xc594760c0671c82964f97deba88c594a5c203c960b2d035054b1f749c1bdf00b,2024-01-17 13:54:36,"$145,875.29",out
0xd4e6ab4549ae44cbdc9147cba756be8ef82b73cf,-,Eoa,"3,550,519.48",0.05%,,,,
0x1ef2fefb50ecf5ecb665e3403233186c0686e2cd,-,Eoa,"3,550,511.52",0.05%,0x1e94998dfca93179423f120c3f89822a932ee265888cf87c9aa066d38f07c16f,2023-12-20 09:57:29,"$244,113.41",out
0x1fd3f6cb433b79e066256710c4dad7fc1c85f779,-,Eoa,"3,549,946.20",0.05%,,,,
0x0a639cb00c44705409c32b0f01f16bbc3b3c26eb,-,Eoa,"3,469,305.52",0.04%,0xd5b221d51c961484c6b0882d34fbf20ee9187def0f2ff2b3d5306cff78af13cd,2024-01-27 02:52:22,"$280,363.35",out
0xbc1a333192def2c9fa988b5669d9eb3148cfce4c,-,Eoa,"3,458,175.38",0.04%,0xf60bfdb89a09425ef9a187ddee95c140bcc0c257152fad7eb6af59fa9bdd2ef9,2023-12-20 10:43:47,"$244,114.63",out
0x16cdfdad28d84ab2334a8e74a48beb353e33cf8c,-,Eoa,"3,456,180.66",0.04%,,,,
0x08c8cb69e2c72bb2a6955334cc3475200d0890b6,-,Eoa,"3,363,835.55",0.04%,,,,
0x4e83dd101e2596c39a4b44c203ab07c636023157,-,Eoa,"3,362,945.88",0.04%,0x5d7292422aa9247191acc27b24a7645d3fb3b40e41f2e6fa98d12026e8a55799,2023-12-20 09:58:02,"$244,114.14",out
0xce30537a0e81795a4142110b46060eb05c987c70,-,Eoa,"3,351,272.45",0.04%,,,,
0xf5e79b5f0c41909883f074d9a329a000ca2af3a3,-,Eoa,"3,325,175.94",0.04%,,,,
0x055a3b37957bfbd3345bed9968e7e8dd56d67066,-,Eoa,"3,312,851.04",0.04%,0x9f46eecbad7e18c1cb0223b462ec2263d04483e531f0c6cb4617f1e6999b7005,2024-08-05 01:48:19,"$13,893.53",in
0x0848db7cb495e7b9ada1d4dc972b9a526d014d84,-,Eoa,"3,297,736.28",0.04%,,,,
0xfd81e0d7491592eca70283f3119eba306757f229,-,Eoa,"3,286,775.20",0.04%,,,,
0xe547c8ceed9ee57639d18de9e6b2f618945dfeaa,-,Eoa,"3,270,489.89",0.04%,,,,
0xad75eb010c2e70b9ec536637f6ea7793ec71e09a,-,Eoa,"3,270,377.88",0.04%,,,,
0xfe6d9af579deccebfc2d8d366c3d667adb696b32,-,Eoa,"3,266,737.79",0.04%,,,,
0x0a072619e5e5ebfc7d432db3f57bb63a0fc27bfd,Swapster,Eoa,"3,260,153.35",0.04%,,,,
0xb225bfe30aab7214274c33555ce01d2bdc29188a,-,Eoa,"3,259,319.56",0.04%,,,,
0x56b1c4f078c05c0e4f21f2803d1139e21bc67525,Binance Deposit Address,Eoa,"3,249,485.65",0.04%,,,,
0x122ccc643c9f9ef8aeda9121dab70b100af8dce0,-,Eoa,"3,233,000.38",0.04%,,,,
0x284d6649c84edb99daf8b7fe62492d699c3fbc2f,-,Eoa,"3,200,000.00",0.04%,,,,
0xdb42cee725a3e134e9e3ba742506f0ceef8b1a0f,Binance Deposit Address,Eoa,"3,199,999.99",0.04%,,,,
0x4b14bdc6c1cfd2ec9e947c31e12b8cf6d26e3e75,-,Eoa,"3,180,503.80",0.04%,,,,
0xdc67990fd392b3050936f9aa4cdd8664540d2faf,-,Eoa,"3,178,176.10",0.04%,,,,
0x566e0e2d1ae2d5939b5d85181285b3be53727b10,-,Eoa,"3,178,153.80",0.04%,,,,
0xba4911528d7d0e6295d542a369ea766c9a27f201,-,Eoa,"3,178,123.83",0.04%,,,,
0x9cf8d0347507aa597873d01bef031cf60ce42780,-,Eoa,"3,178,119.44",0.04%,,,,
0xe419b548d6e452761ac9e659aafa1398ffbac167,-,Eoa,"3,178,104.75",0.04%,,,,
0x8cd10461c6a37ced9531a4c64f0e435f3f883182,-,Eoa,"3,178,093.78",0.04%,,,,
0x0ad459e2184ec0d781785d5a22c7aec590d06f0b,-,Eoa,"3,171,268.76",0.04%,,,,
0xbbaf44fd538e9c1627941178f7e858cdc00ade7f,-,Eoa,"3,100,796.60",0.04%,,,,
0x608808425a63f5392208eb3829c90ead3201eefd,-,Eoa,"3,095,850.06",0.04%,,,,
0x85ca385083edde2fe0d7c7bc4935a722ea70de66,-,Eoa,"3,084,655.40",0.04%,,,,
0xe4245a1ce1b02acd816908147a6569cc4f9c54c5,-,Eoa,"3,083,833.06",0.04%,,,,
0x867eebea3503a7aa718a45982e3b19f770893a60,-,Eoa,"3,083,831.22",0.04%,,,,
0x54866f6ad87a46504a0cbbf38dbe388d77f03b01,-,Eoa,"3,083,827.85",0.04%,,,,
0x5450e926156607442f93fcd088981bfe32cad161,-,Eoa,"3,083,822.92",0.04%,,,,
0x19b3ed41b1955cdd2e673cab0cb90a64aa661f6f,-,Eoa,"3,083,820.45",0.04%,,,,
0x258494a21d9ea90fcbcb9e22bd57c6899de0d995,-,Eoa,"3,074,617.29",0.04%,,,,
0x9edcb464c0afdd01a5ffbd09309b437c7dadeab3,-,Eoa,"3,065,715.79",0.04%,,,,
0xf129b508f27f580951d5a0352de48c49a972ca09,-,Eoa,"3,037,349.86",0.04%,,,,
0x5a1ed9f4eb56506043a298fcb4223a4d9d8f54d8,-,Eoa,"3,000,000.00",0.04%,,,,
0x9693bb8096b081f91d3a8f45c7c1be6699edd6bd,-,Eoa,"2,990,324.27",0.04%,,,,
0x0073db8a49c05a351fd0d81cf9c41d49720cc723,-,Eoa,"2,990,321.00",0.04%,,,,
0xfb9f667a0d8ad44cb8b1d9e6d49f685e5047f1dc,-,Eoa,"2,990,313.81",0.04%,,,,
0x38326167fa99464b19094bc072cf2ba76e736149,-,Eoa,"2,990,310.35",0.04%,,,,
0xcbe2ce3145b4d693158b1a71bb34e9c6d5cecf24,-,Eoa,"2,990,192.91",0.04%,,,,
0xd9a1b87117ac00102b56e8a53963920e5aeef550,-,Eoa,"2,989,559.25",0.04%,,,,
0x6f56378727922cba5f4f79bc93a2a8ffafc7d464,-,Eoa,"2,989,491.30",0.04%,,,,
0xde8fb851275956971ead360eab2d86615a166626,-,Eoa,"2,989,486.71",0.04%,,,,
0xc1ed354790597ceea4d6e6c4c152d61fb5729fac,-,Eoa,"2,989,476.13",0.04%,,,,
0x5047fcc43e4753264e7233cdcd872af5d7d70bb3,-,Eoa,"2,989,471.90",0.04%,,,,
0x24b0112d325fe7eb8c49c802eb767f6c5f505b33,-,Eoa,"2,989,466.11",0.04%,,,,
0xa3f04c0681286ef3c90f22e065a1cf4b225180b3,-,Eoa,"2,989,458.91",0.04%,,,,
0xbca26b72c330818687bef829e525e64c0381b023,-,Eoa,"2,989,442.05",0.04%,,,,
0x321f7d116f980fac4415262e50f674effd5ff58d,-,Eoa,"2,968,746.00",0.04%,,,,
0xa9bff538a906154c80a8dbccd229f3deddfa52d6,Max Exchange,Eoa,"2,944,690.06",0.04%,,,,
0x35d2d03607b9155b42cf673102fe58251ac4f644,Phemex,Eoa,"2,902,093.22",0.04%,,,,
0xd87653ae81507cdfdd82df839a3fa74e5b14ed82,-,Eoa,"2,847,454.00",0.04%,,,,
0x0601fad9036a2704ec1103f013a7d9b8f324f98f,-,Eoa,"2,796,322.13",0.03%,,,,
0x5fa64368bfa9ebecafc749e59c6629df7f230f80,-,Eoa,"2,795,673.68",0.03%,,,,
0x7bd5e41f198325455b74af52ce0f9b537ebc636f,-,Eoa,"2,781,591.76",0.03%,,,,
0x489a8756c18c0b8b24ec2a2b9ff3d4d447f79bec,BNB Bridge Exploiter,Eoa,"2,779,718.76",0.03%,,,,
0x3e15489750c2815ae2bc347e7ca836e639a4fd0b,-,Eoa,"2,772,202.83",0.03%,,,,
0x85e1de87a7575c6581f7930f857a3813b66a14d8,FastEx,Eoa,"2,761,959.49",0.03%,,,,
0x27bffb0f09c18539f9a47a39958bb149fe42a155,Binance Deposit Address,Eoa,"2,709,515.92",0.03%,,,,
0x2e51c1f23acc26c9915c16f5f7710a02c408d15e,Binance Deposit Address,Eoa,"2,630,000.00",0.03%,,,,
0xf4cedc154d5caacadc7727e866a6f52046b60249,-,Eoa,"2,541,105.60",0.03%,,,,
0xbe9bf9ad3b1f54c4690f40328b2d6cb8ff2896a8,-,Eoa,"2,508,923.58",0.03%,,,,
0x37c02c57d48852f92cb44eb48c9191967de59475,-,Eoa,"2,503,087.35",0.03%,,,,
0x90a0ec4d1b3aa603f43ec4349abc033465102538,Binance Deposit Address,Eoa,"2,499,998.14",0.03%,,,,
0x1f356cc150608e4f1334d65bcc448db84cb7cfee,-,Eoa,"2,443,371.48",0.03%,,,,
0x18bd8697c685ac25277839db5c3ca0c92eb11060,-,Eoa,"2,430,005.86",0.03%,,,,
0xa199bed592fbdebaa66674351ae45d5fd9103452,-,Eoa,"2,407,185.92",0.03%,,,,
0xe132372bff3072320c69b356c0ca3a66e4e60d18,Binance Deposit Address,Eoa,"2,400,000.00",0.03%,0x8b7f2d9ba367b8aedb1db1e21f5ca943b6d5dcf154eb8ca53d0cf1798e775156,2024-02-23 02:00:04,"$149,446.35",out
0x8ff25af5e1f9cb97e217260453b7dc30adc3253d,-,Eoa,"2,390,020.77",0.03%,,,,
0xc76b8a8890267637e1fbad757410628481a39510,-,Eoa,"2,286,742.88",0.03%,0xd2249138a001a73cc881fc78485443bc946bfad27ef2e7eb87b99f2e8f40c75f,2024-08-05 01:13:37,"$10,407.64",out
0xf9ce24afbb1fe432478ffad1014ae3bc30de2d82,-,Eoa,"2,282,255.42",0.03%,0x28647d36f2c14ae28a2578e8c657cd61260203e6123b3caac5f881350f25f038,2024-06-28 04:43:20,"$41,346.88",out
0x67aa7498283646dcdb079032a94117b14d975dac,-,Eoa,"2,272,884.51",0.03%,0xdf7d717deb63fcbba9e5eae623bef84ccc7e1e9ef4abb0fd452e15f25704e178,2024-08-05 01:14:10,"$150,162.84",in
0x9628d469da3bb8680dde8876211326c9c21adf07,-,Eoa,"2,269,999.31",0.03%,0xd8e34b5ff021fc1924a7762ca72183dcc55608c069f5c7a3c61d9d93a6c2a1bd,2024-05-20 09:01:10,"$20,166.94",out
0x1f4423ec8a613071ebafdc3eaa7ea1fde3d442f5,Binance Deposit Address,Eoa,"2,268,119.46",0.03%,0xdc5ae389a5a67c83512a7a96a0e42de5906c1f160e0bbeb131ce355eab031fa1,2024-08-04 10:53:41,"$374,072.23",in
0x70afceaa976ca3729e68bda96d363b53a3aacef4,-,Eoa,"2,256,525.98",0.03%,0x68030abf39255feb27a382de2e162e9edf240e49a34cdc5eddb250683b077939,2024-06-12 11:27:49,"$345,672.56",in
0xe1dc7390423c9c876558f4c66bafec0933bc3bce,-,Eoa,"2,231,617.96",0.03%,0x39b489b5137f0a41aaefd281f0223db54d741b6d6fe006b6c26cb8c0e90f768c,2024-08-04 15:53:52,"$1,992,615.01",out
0x320782db1e7bc6eb00276e49e9e25555d69e70a9,-,Eoa,"2,223,100.00",0.03%,0x990e7d0e4a71588bef2c1d4b2a9c71d768c54f0eda585cba06316ec139e09a80,2022-08-09 21:34:47,"$1,239,408.40",in
0x95a3354c63451da2bb3af762b14396c4370f3c9f,-,Eoa,"2,215,419.51",0.03%,0x3bbf54187d69c7f5c8971ad44511e81537c7c42c561c7a864ac5136ce858fa81,2024-08-04 13:25:31,"$996,309.00",out
0x503b7050882335baa0f384c671a23f9e7168a5ba,-,Eoa,"2,200,000.47",0.03%,0x32e2a5f4ce374a3cbf6673f9d77319e16132de6d4182af3ab6f9675cda9514bf,2023-11-29 06:56:46,"$226,719.87",out
0xea0289d7359abb50cd661adffc563f7f8ba138e8,-,Eoa,"2,180,658.23",0.03%,0xd57618a672400e2e826a53d45d8f0d48e6a8a6e64f6606f82d1540d6302460eb,2024-03-26 04:01:59,"$109,606.86",in
0x1febe7bacfa5f76f1474efd6456ac2a374c95dbb,-,Eoa,"2,172,024.14",0.03%,0xf949196dd0884a84f8368100795ba4f9300f894ea505762eb3471cdba09bcf72,2024-07-17 10:08:08,"$2,495,265.85",out
0xa4cdae0f1212ece1504891137a50773db86db3eb,-,Eoa,"2,170,120.19",0.03%,0x6c2d20629ba67621fd0314d2f27ac0209b16273f0696408ca691ae3904f67012,2023-12-25 08:28:14,"$32,842.33",out
0xe2c396050cf5bebd3418568242118561abe4bd23,-,Eoa,"2,140,613.31",0.03%,0xe86527fa7b4eda2729259a70b001fdd56b150f400e1859658030cedc12979d8e,2023-12-27 00:26:03,"$398,528.40",out
0xea374a8ae8d4cfdb33c4a8db56a54d3183712ef6,-,Eoa,"2,115,504.88",0.02%,0xcfc892458ad88bf9e84d04ea7514ee523437327ab166416cef3e549c0e847a81,2024-08-05 01:33:58,"$186,435.79",in
0x5c4fcc526e0e4aa69b90a465dd323c945ddbc4cd,-,Eoa,"2,106,768.40",0.02%,0x03554edd8f9f8e1676c3214b625e09a70b015a74b33d65cdd5495ad5b4b32ce3,2022-03-16 13:15:44,"$61,770.36",in
0x207eaea76fdfeb9e1f46bbb9d19353f62f7e5e4b,-,Eoa,"2,085,914.93",0.02%,0x9369d1f689f74e29784808cc683c2bd968468a01f5cebce1ae48f50dffb4dc20,2024-07-05 11:30:31,"$199,261.80",out
0x16daf9293e49468f0f1c226abba207543e77761c,-,Eoa,"2,077,449.46",0.02%,0xddc24a723431497fa7e2cfe27a064e284bfb2046e48e1d0914c12bd277138862,2024-08-05 02:14:58,"$258,012.15",in
0x7b6bb2e4fa0e8c65630b7db56522e4b732793726,-,Eoa,"2,064,166.80",0.02%,0x807496828236ed7746ca4bf5be893e968bd993fc8257602a432d0a3b65862946,2022-03-29 13:21:36,"$276,920.30",in
0x22bd2a3ffd051e150782d48ad4d02ec6980125df,-,Eoa,"2,053,669.48",0.02%,,,,
0x6942fc79a006b13d08b6fc2d792bb1779455b1b8,-,Eoa,"2,048,585.00",0.02%,0x6078f280d90d781c928a5725cdb1759c8e9f505bfa95f92938c518cc198eb345,2024-06-24 03:48:15,"$53,377.35",out
0x57320a735983e1686547b4a4db37a7f70457847c,-,Eoa,"2,045,164.90",0.02%,0xfdfa487f62b9799c0c7b44afae6cc5cc507bf3b9506dccb68ceef5120b6fdd89,2024-06-05 07:59:12,"$19,925.85",out
0xe0f0aa98b4a4d305ac4a04d830c96a158bda9cd8,LBank,Eoa,"2,043,404.35",0.02%,0xd917a1add6aa56a4f6d18ddff08794a9cd3e96c2a2b04ddc816d701b6a26afe1,2024-08-05 01:40:01,"$15,151.85",out
0x198749e813bd09fadf83766d9348e0cc01c80a16,-,Eoa,"2,040,601.00",0.02%,,,,
0xa0387adba7636722abe119cbf9220ce0b9938b0b,Xeggex,Eoa,"2,033,069.49",0.02%,0x07f1bb7cdf7d934ddb9f696bc17d5e5bd10161f8e6d44bcb711be60c386c0215,2024-07-26 13:43:33,"$10,014.39",out
0xf0c69755939d62eaaaf5e0f01a81854a96c57a99,Gate.io Deposit Address,Eoa,"2,020,000.05",0.02%,,,,
0x935c7dea236111044c8af15de9efe407a4b83745,-,Eoa,"2,018,843.21",0.02%,,,,
0xafb7aca7b581c1eb67279153bdb956d648a912f2,-,Eoa,"2,012,762.54",0.02%,0x8a957fbb6aa350af5ca7c1bb9f9578d8c175229613e5282534cea083473e7399,2024-07-29 03:57:55,"$49,815.45",out
0x8d945aca57cbe793507bccaba8cd77bfe117f255,-,Eoa,"2,004,330.18",0.02%,,,,
0xa1edb5ff9678e8b7aa8e205e093dd9069f1ebcfe,-,Eoa,"2,004,312.42",0.02%,,,,
0xfb30ed3485b30303965fcbac84d6e7bf239e75f7,CoinW,Eoa,"2,000,000.00",0.02%,0x38f5442cb545b3f4a7b05dca32b5ee11e4854919cfdf8874ff2fa060a859869f,2024-07-31 09:59:47,"$99,630.90",in
0x73f725074b28aedc08323d87c71652dd98b8c006,-,Eoa,"2,000,000.00",0.02%,,,,
0xb24e97b186dd934eedcee5c79c41343352177792,-,Eoa,"1,988,233.16",0.02%,,,,
0x8df97b74d7bc0def46a71e365418d09ef4742fad,-,Eoa,"1,984,833.81",0.02%,0xe65ac23d750156c7751defd85b205b08bbe2d6877027dd4d0645ef758b3776af,2024-06-03 18:03:00,"$168,833.37",out
0xe91268537b6dc2a43d8c81c4c4cae0d5312b9c2c,Ceffu:Custody Hot Wallet,Eoa,"1,967,644.68",0.02%,0x068a8a0c8fbdb2c4ae1aef4de08fb500181049e97a50f532a9629e9ffea3a4ee,2024-08-02 07:34:10,"$348,697.99",out
0x1dfeff70fbcc5949b29faf52196f0711e4915b2c,BitoPro,Eoa,"1,954,694.37",0.02%,0x76cf2e0f1b0ee49bad2d6b5dd4f5b99c2f0328ba874890da002016a07255f136,2024-08-05 02:11:34,"$11,239.92",out
0x5688d313ecd0ddd22b845360dda6bfaa3bc9f132,-,Eoa,"1,954,506.83",0.02%,,,,
0x418aa6bf98a2b2bc93779f810330d88cde488888,-,Eoa,"1,900,000.16",0.02%,0x5ba5b015b4778a6dceebcc7a2dbb8d138a74c43a128c864ada1af6a8e11eacf9,2024-07-21 02:50:02,"$448,353.75",out
0x524c780448f1ca730527f72131fdc511078d2b79,Binance Deposit Address,Eoa,"1,900,000.14",0.02%,0x03b3889875d8d3c2067b4a78d135b6b85cce2b55f6c6e84775f554370ae68263,2024-03-25 23:00:05,"$149,875.74",out
0xe4d318e9f8247bfac325b6ac540e451abf23122e,-,Eoa,"1,894,595.75",0.02%,,,,
0x81bb07026090d40492c7470b46087b40ac451ffe,-,Eoa,"1,872,598.47",0.02%,,,,
0xa7dbe9a7a404509ccbbebba1d0cfddce4334af86,-,Eoa,"1,872,309.72",0.02%,,,,
0x8590baf5b24c2846ce3d5a268b4a1f14f04cf183,-,Eoa,"1,871,552.69",0.02%,,,,
0x6c69fa64ec451b1bc5b5fbaa56cf648a281634be,BingX,Eoa,"1,865,463.19",0.02%,,,,
0xab55c5b0e104830d92e84f824cefcb25a5113319,-,Eoa,"1,863,396.20",0.02%,,,,
0xbce83df669d170e563a17e526b7bd6ea186504ef,-,Eoa,"1,851,952.92",0.02%,,,,
0xf640239d3128d64bdb735e7d6c927a0bfbc8ca49,-,Eoa,"1,850,000.41",0.02%,,,,
0xb8019a711d471ab65b9a1bb6eee3376239e6b82d,-,Eoa,"1,849,205.50",0.02%,,,,
0x36f4437dcd272c7cbb32acd1fd7ad2d15a8e14e8,-,Eoa,"1,842,804.00",0.02%,0xdc0492464ab9d83ff31fcae794a9156ac67344054fb03d0cc814a071445cded0,2024-03-01 17:00:08,"$249,077.25",out
0x76aed984078c81a18bf5ca324a207f9142c9554f,-,Eoa,"1,842,218.08",0.02%,0x6d7bc19f335ca4c822d0e6d8b22423c58f3f17ba94557e408399b676f0ef86ff,2024-06-18 08:10:05,"$10,726.51",out
0x4bfbc4ae0288f5f8fc73e12c4b53981d175df6b5,-,Eoa,"1,821,055.93",0.02%,0x63a6d2f98dd7aeba43fc5da396ae71b26bbbe2b2af230ee3b30848bd0f18b1d7,2024-06-12 04:24:15,"$2,092,303.97",out
0xc6ae9291f986e07e6b6426b4f7d6338bbea6aa5b,-,Eoa,"1,820,123.51",0.02%,0x2f35d848445af7981fa293243a699bd8a1ac8476f2ddb62285e450ac0069e5b4,2023-12-14 00:33:39,"$116,489.52",out
0x4f14485da248b71d3dd755a920d0ebfefce1d966,-,Eoa,"1,807,990.95",0.02%,0x5730e96e4bbf29814102d642881808151f31c8de973c5aa0536d1d629041105e,2024-07-16 02:30:41,"$69,741.33",out
0x4f3915bd3eed299e7caebfa664515747bbf1a121,-,Eoa,"1,800,000.05",0.02%,0x6a10b45063da931ad4771328a949a8f2efe220995d004d5adeedaf53d133df8c,2024-08-03 14:05:01,"$298,892.70",out
0xf30d825fc9e2dfae6ca582b8d9cfcf52be160054,-,Eoa,"1,786,353.50",0.02%,,,,
0x709980a9f8bd19f08b905db0e0b7c9da96721377,-,Eoa,"1,768,968.87",0.02%,0xf4deda4d27a06986566c14c5a12ea8aba864040116cb4785217f375a0888d5f8,2024-07-25 11:28:40,"$20,958.36",out
0x5964456c99bee03b64d688e690992830d2de84d9,-,Eoa,"1,727,438.04",0.02%,0x86875137cc2c7147f450e28b5781c67e26a7dbf6c9f7b082efc59c0e4c26e9b9,2024-02-25 08:38:27,"$14,943.64",out
0x14a406a3bdab236ca3e1521e90836719d29f0e2b,-,Eoa,"1,724,671.61",0.02%,,,,
0x305a0be8cc315129bac248384b06f93d07dd3821,-,Eoa,"1,722,832.05",0.02%,0x7c30ebb071a8cf82dc2e773b80f21db190816dea315f190d7931075efcd1d6bb,2024-08-05 02:00:40,"$199,261.60",out
0x9bd561dda14427d17d687d97fe44c3f237e70b95,-,Eoa,"1,715,093.54",0.02%,0xc9798159e3b3a78c0a4195e6c1a437f966b9c42788e7df98f2f8b0d2849e5c54,2024-07-28 20:21:22,"$49,814.95",out
0x3c02290922a3618a4646e3bbca65853ea45fe7c6,Indodax,Eoa,"1,695,515.83",0.02%,0xd6260695819d7da7485e15d1011206f48472de689a630e257ffe22265cc2dedd,2024-08-04 01:56:13,"$12,498.77",out
0x05a91dd3dae4f8d0400db9ac856873bb8e3c13ef,-,Eoa,"1,695,125.75",0.02%,0xfa470aa8c048ffd8186ba5a10066dd208d71022ff91f9f52178b5cef4acfb586,2024-08-04 16:07:15,"$13,283.26",in
0x3510ab09867a481ea9b5922751fe0bb77973f3aa,-,Eoa,"1,645,448.57",0.02%,0xf2048c5574df583503f788d91f38b0f5153301ce1e0bb968c8dec0c5df027224,2023-11-30 02:32:22,"$622,329.42",out
0x9506ee08435a47d0df5234a14d2328ae2a016a8e,-,Eoa,"1,642,510.72",0.02%,0x6858f05b5063be569c7c4deb21fed3d1f98bdc3e80083d69725d1869e9a04a9d,2024-02-02 09:55:52,"$99,630.90",in
0xbb4d1dc5c1abec4ea11166ec97e714862863ad1d,BTSE Exchange,Eoa,"1,638,971.49",0.02%,0xea34e22df1555763dcd25f91a21382957a5f34805828489fd4e967951265e78f,2024-08-04 07:00:09,"$19,871.26",out
0x43a26434c5b988a693212ee65892276f1d27a5be,-,Eoa,"1,619,796.46",0.02%,0xa5760f00e4f36f543f2d57ca29aa577539493700bc1a68b71d08d77e593f5328,2024-05-22 06:06:40,"$194,522.51",in
0xcd47f02b261426ab734be9271156327327407e43,Flipster:Hot Wallet,Eoa,"1,617,007.57",0.02%,0x8f7d9f00832b8a8ce6b1bb6ad31d0b0fe01f30c963698c6cc4da0705320e94e3,2024-08-05 02:20:12,"$10,358.77",out
0x326ff89119516c36d028ebdf31884a6a87372878,-,Eoa,"1,599,999.99",0.02%,0xff759e54d2b04bab70f7bf9c7416afead8b902bde8891e13283161573ebb6247,2023-09-07 11:37:34,"$1,595,985.04",in
0x2ac5f9a2a69700090755d5b3caa8c4cba0b748f9,-,Eoa,"1,579,327.25",0.02%,0x4760b8143db697891760afd3302cd910066ae1b6c4e056c65493a7d6b0e8c797,2024-04-21 22:39:02,"$1,575,462.64",out
0x34a775d49968a9203c14d863ccbffba58b987de9,-,Eoa,"1,553,288.01",0.02%,0xd7c24ce1d507df45327e8ea88acbd04d00fe16d4cb733ef9d7fa2445e03d6481,2024-03-20 19:24:11,"$69,828.71",out
0x445275b8c11b0b251f0220c362bd789333351303,-,Eoa,"1,551,972.00",0.02%,0x9a7d0222a8a7d0d3bc71bc0accfc6646af7cc259d5fcc56ce3339ac7e9defa24,2024-07-18 10:06:46,"$20,429.89",out
0x2a9d0802135fde8bd3dd3f3d88b2205631f58370,-,Eoa,"1,539,729.07",0.02%,0x52c0b33f8bc951a4cdf84daf64e021ad410671873a597541bb4ef263f7a41b95,2024-06-10 05:44:00,"$124,131.10",out
0x8ac645bcb09b98210eb57ffc32fffe0c12a266d9,-,Eoa,"1,537,341.68",0.02%,0x514385da36ec64260cfcecaa38d54e95cc313f64074fad962f33ab1b043865ed,2024-02-19 02:52:16,"$14,963.30",in
0x011507fec3ae4ac677ce846585a047539085f3b4,-,Eoa,"1,536,760.29",0.02%,0xe9eb880eb8cfae2d86857c7d76f41d0ca55ff10cbf6ddf3176533f8958276911,2024-08-04 17:32:02,"$380,579.80",in
0x91eff0dd54a8b674bb8bfe57ce5040a750449446,-,Eoa,"1,535,484.58",0.02%,0xc0c352bd1392fce3d24610dc9564b0af1f68685a85f42506a507b3666b45ac90,2024-02-09 03:30:32,"$23,760.39",out
0xc52ddb2ddf9a81b623feb2940180ed671d7907f5,-,Eoa,"1,500,001.00",0.02%,,,,
0x1747490d5d3e5a6712c0189c991319c5595039e6,Binance Deposit Address,Eoa,"1,500,001.00",0.02%,0xb37342fd49aa4a9058bbbb84682e47efd0344dcce691294d94a9e6cc276cd04b,2024-02-04 10:30:06,"$318,644.27",out
0x3baedc8104a52b3080b22b7f71650b71c7942483,Binance Deposit Address,Eoa,"1,500,000.67",0.02%,0x6e57a050ba48d7e6b901cc825c575bd2c7ea248be77e80e99642200dbae3119b,2024-07-16 15:00:06,"$698,287.10",out
0xbd68e9c6c4393b345180776a3e1269500d827e4d,Binance Deposit Address,Eoa,"1,500,000.00",0.02%,,,,
0xa74e8ae2f83d2564af25420ad4d6a7fe224b053f,-,Eoa,"1,490,510.79",0.02%,,,,
0xe888adc3f3198415fc76cc4ff5d62fd65ae46449,-,Eoa,"1,482,786.69",0.02%,0x69928021273b24157a03e63079d360e3d682358a0b6a20cf086ee1e2b51658cc,2023-09-22 18:00:13,"$619,425.01",in
0xd59f1f174593e467d96e4680b349f17cec89a949,-,Eoa,"1,482,285.59",0.02%,,,,
0xcf1f1059bbeddd010f4d18549201a585c2ee1e6e,-,Eoa,"1,481,669.89",0.02%,0xb62d0608100624edcceff6d01dafda072567938c82ed6b9002869be9cd5699de,2024-08-04 18:47:13,"$99,755.30",out
0x21a81136bc1089ab469ad330ee70b4d8428e25ef,-,Eoa,"1,472,106.56",0.02%,0xca3e6f3d3dbf859fb4210405abbf3cf41fe99ca7648984d279ae35a1afb8eecc,2024-08-02 08:46:20,"$19,951.06",out
0xb7b0eb5d4fe3c4bc0d822d775d87a2c5080db761,-,Eoa,"1,468,722.25",0.02%,0x685c7d7796430570abac66820a571144c505b289559f30b8e953cdd3f7683c0b,2024-07-31 07:25:39,"$61,929.23",in
0xb1eac8c4b0e4db44306308738006de831a7e3798,-,Eoa,"1,466,917.35",0.02%,0xb6fef8ae25f3c2cf44ff3a25ca03c6c7df1a650592f932bf7bca4c721a4bf062,2023-11-30 08:20:07,"$97,402.24",out
0xd9d9079cc570e8742cce46e139684e3bd93a496d,-,Eoa,"1,460,300.07",0.02%,0xc85322fc7688ecce07d2961d44b3b0ff726ffff76a745fb75b3040fca91ab347,2023-12-01 13:23:18,"$788,289.48",out
0x7cec01355ac0791de5b887e80fd20e391bcb103a,-,Eoa,"1,457,671.73",0.02%,0xbbdcf30b5f50602101e14982ce4697a23d82573866b6274b87fc772b8a82cd0a,2024-08-05 01:41:22,"$13,246.02",in
0x1bdfe3f3e368b6a02a2a04fba1052ee4ff4074ab,-,Eoa,"1,449,999.60",0.02%,0x4f517bf425ed73515a15f626061dd702a754ab0dd95da1a7ee3a95b01a7c1342,2023-10-30 11:06:16,"$149,632.95",in
0xce585804f083aef7f573170d4a8d030c345f35f3,Binance Deposit Address,Eoa,"1,447,094.00",0.02%,,,,
0xa96be652a08d9905f15b7fbe2255708709becd09,ChangeNOW,Eoa,"1,440,173.93",0.02%,0x718ea6136f47b064a8e48e0db1df435094bc103da89ad1b2dbd92de1d2b2affb,2024-08-05 01:45:19,"$13,841.10",out
0x574bf81c94970dee0f412a93e93952efbb1d5ab3,-,Eoa,"1,439,251.38",0.02%,0x30b0ba8104a78d1b1df48048b555a1f9f6ebb0524f15919032c3d074665aa648,2024-05-04 09:55:47,"$22,789.56",out
0x9805e491299b87974e5b1f712fd81cf1c72df75d,-,Eoa,"1,429,964.77",0.02%,,,,
0xbcd93566ee5c12ab20a01cdd26c68b55eefbac61,-,Eoa,"1,422,170.72",0.02%,0x5f6bbd39994bfe0a727cfafcee832cf0972d0e06421d4629f905e857d1489b21,2024-08-01 04:11:08,"$329,192.49",out
0xac42b4c7e54cf7ad0ded761b082f041caf41d81e,-,Eoa,"1,409,813.67",0.01%,0x5c2defa841db714d5caa4a5a4d58310420dd0b503a919a82519eed94325f7170,2024-07-31 05:59:38,"$159,522.37",out
0x07028a75c7e3ae8e26e0564de3cf9d884ce06da1,-,Eoa,"1,400,018.55",0.01%,,,,
0xa18483cbb19aae6f384163b6261cec5319f4c371,-,Eoa,"1,400,000.27",0.01%,,,,
0xa26234ecb3d893769675348505a688a303ea4c2b,-,Eoa,"1,399,999.87",0.01%,0x4784e8e1a3835079c45696a1e330a18cc9c87a92973b980ccc23c5f38f1ab8aa,2023-12-27 14:11:23,"$199,510.60",in
0x8c3d08c82ed0bf4c2385ae1082d44a98bfa83ce4,-,Eoa,"1,391,401.99",0.01%,0x53cd3fc6a7170712b20cd3ac90fc14edb26a98bee0185d94e8702a67a8bbbf47,2024-03-13 01:04:55,"$1,266,017.05",out
0x9b275515b4704b6ad76c8f80fff0a971d1f5cdff,-,Eoa,"1,390,155.77",0.01%,0x25944b1fb159ed67837a783df30972c8e337de92c33c1f2009e969a89d4028fe,2024-07-02 14:55:11,"$10,973.08",out
0x3b3f286b91f5a9c693e7d6403c9318964323cfbc,Binance Deposit Address,Eoa,"1,390,001.00",0.01%,,,,
0x95044a887a7a62ce0ad3426337de7db14d785ba0,-,Eoa,"1,351,834.97",0.01%,,,,
0xc1d1daa266f4fa8212f4354518c418be2c0e2ab2,-,Eoa,"1,348,413.99",0.01%,0xc87dc0873fbcff29a7379de3e3bee1b9b267d75246db5e8675d89950edc537f7,2024-08-04 16:16:56,"$142,705.99",in
0x777a27e2f39b8c13810cce46c7ff79ba3ae9be0f,-,Eoa,"1,345,596.96",0.01%,,,,
0x13a7b448f45b851539dd552ac08e11df43e8c07b,-,Eoa,"1,343,081.06",0.01%,,,,
0x6c00e88b8d2b722039a843d4f76eec4f7eb2066b,-,Eoa,"1,337,124.43",0.01%,,,,
0x9d55136bedce09391e18b5de3503b685925f3416,-,Eoa,"1,336,017.02",0.01%,0xb5dac665b7c25dd1e4732374380e2cd51f8b07a4a6aed067f39a3274d480b1c7,2024-07-15 18:25:35,"$11,679.20",in
0x3a570b7d8a227343339f975ee48637287e21481d,-,Eoa,"1,325,987.75",0.01%,,,,
0x9a49593112731e34be22448dacc6dff7500db122,-,Eoa,"1,318,980.51",0.01%,,,,
0x2dc77529a90adda34fdaa9e7c4ff075bd9c7d34f,-,Eoa,"1,311,233.13",0.01%,,,,
0x786d9a874be8304de7268238ef7a179d9a881a48,-,Eoa,"1,305,663.02",0.01%,,,,
0x82da849e4cd235c44a33638b48874800f780c043,-,Eoa,"1,300,000.46",0.01%,,,,
0x462351c935df52945393c4ddf36963e9a9714c6e,-,Eoa,"1,295,234.79",0.01%,,,,
0x7689b14be3805ed88126d09adbcc08a7636e6bfc,-,Eoa,"1,293,280.14",0.01%,0xddb94bddb5970a0645bed15cbcb2030c910dcef355aed8c404667ed889d96179,2024-08-01 16:20:57,"$19,951.06",out
0x6b9353bf4f90abdb218979b7596fafc3c6c6ac64,-,Eoa,"1,283,421.60",0.01%,,,,
0xb2e7ea59e890335776ade475a7fdc51da1e89775,-,Eoa,"1,275,264.79",0.01%,,,,
0x2271557596068f1395da5ac28fa157ec32a84fd9,-,Eoa,"1,271,066.62",0.01%,0x65ce4b99932dd24ec07933959a43d6c74fbe64f2b56272e192643b4e839af1ca,2024-07-13 18:45:46,"$114,799.37",in
0x0cc34a3935561172ff0305f4cbdf4651ed01e628,-,Eoa,"1,261,182.00",0.01%,,,,
0xd2786bc8b92217f515b026534c46b341d6322d30,Binance Deposit Address,Eoa,"1,252,585.26",0.01%,0x24a77d413c4dadf25067140a3fcb5f6c509b721544b54ba43d7211f22e2233ba,2021-10-19 03:51:08,"$561,990.65",out
0xf4be044ba7461d8444ed53f9ec7490781e08e3b7,-,Eoa,"1,250,430.26",0.01%,,,,
0x29d0e5580bfd8affb549e32fae1181c50957055b,-,Eoa,"1,249,610.00",0.01%,,,,
0x568a9858cc70b90dd6f4be01916eeb50bbadc7f1,-,Eoa,"1,249,251.52",0.01%,0x0e139cc6f5c0ebe140cca848a4989ba99de62cd2d414f71ae542aa396aa1e83f,2024-07-16 18:21:22,"$35,963.39",out
0xffdaffcc0dd8e00507c8e80aedb8deadbedd178f,-,Eoa,"1,248,595.53",0.01%,,,,
0x7b7b957c284c2c227c980d6e2f804311947b84d0,Alameda Research:Bankruptcy,Eoa,"1,245,337.82",0.01%,0xe1ff5ef39fbcaa1f8e1c35a291dca2283c133aaf50a316cd36ff25d9cf08de59,2023-02-28 08:39:59,"$244,674.61",in
0xe56a39ec08c580917d9e8dd237876f692958da34,-,Eoa,"1,234,996.77",0.01%,,,,
0x4915b09552ce8353e0fac30b3a36d584b355431b,Stake.us,Eoa,"1,229,134.37",0.01%,0xf9b07307b53bd4f9dc27ab52acad3b193ad2fc2e792830c0ca1450bd79d4fe57,2024-07-30 08:08:20,"$18,890.29",out
0x5977e9d5114b24b28cb6e3f85e9d48ccd954b444,Azbit:Hot Wallet,Eoa,"1,225,965.73",0.01%,,,,
0x491d9fbc491446eedd0f9ae540c9bc77ef8cf4b8,-,Eoa,"1,221,689.95",0.01%,,,,
0x3842b8cd86463539e67dbc18a7bb3ad66799b319,Gate.io Deposit Address,Eoa,"1,200,600.00",0.01%,,,,
0xefa42908e5c0f3ea76984bdf749abf79ec9e3608,Binance Deposit Address,Eoa,"1,199,885.53",0.01%,,,,
0xda7c852df594b79e1e8d8004d0bb822587e47725,Bybit Deposit Address,Eoa,"1,197,207.54",0.01%,0xd2a28450565714c3acb4c74af9b75ade00dda7adf858d2d373b5ebec16f0b31f,2024-08-05 01:00:38,"$502,410.82",out
0xca97d5aa1629e63860deb28191ed75b4c882024c,-,Eoa,"1,191,342.05",0.01%,0x85968ad3a71be2db2e686839ec0d262386f33e73ec15544d6b5f0b9bfc7705ca,2024-08-03 02:24:08,"$249,388.25",out
0x42c24b1ce9bcfedbe3e8b1190a6e5cdd2273655f,-,Eoa,"1,191,236.36",0.01%,,,,
0x14483cec55dfd663dcac95767a06e3a4abd19aa9,-,Eoa,"1,189,712.10",0.01%,,,,
0x0d23c91dc04f4ea7574871ba3bcee856ad3ad961,-,Eoa,"1,186,285.62",0.01%,0x8f11962cd571944b84611a6be3e6743f8a68846f730638468083aa65e8020061,2024-07-02 11:57:18,"$214,473.90",out
0xb9b9161c6440353d30e06f6a3f93cd43bd1e3907,-,Eoa,"1,184,257.98",0.01%,0x68de55b2401671b66f3584fad3111d81dddc238cf08ed8145648f268f513db2c,2023-12-24 05:48:35,"$26,968.31",out
0x23f8c805306bf27ab8bf3cebece4b778acffd896,-,Eoa,"1,180,579.81",0.01%,0xfa2c1103881cf1b29a3010dd16f5c0093d6179c88dd9cc5730a6c6cfed92675a,2023-12-18 05:35:42,"$1,520,896.75",out
0x5b3052f6bfc7d35b3a8edbc45f711505625abef9,Binance Deposit Address,Eoa,"1,180,578.74",0.01%,0xc9e6224a7269111295c64dae15dbc8d9ede857e5fbc7293e523dc5d19c38c186,2024-07-26 07:30:05,"$997,553.00",out
0x31eaf8923ea786baed08510ce21ac25e7b579982,-,Eoa,"1,177,545.50",0.01%,0x03d598c7a1ab8380a8e18c0aac642ce545c45584b10ee5fff55df2a75ddba027,2024-08-05 01:58:25,"$150,438.17",out
0x2015a54bb06ca7845c8e1137ac04f74e583b359d,-,Eoa,"1,176,841.84",0.01%,,,,
0x014435b1e39945cf4f5f0c3cbb5833195a95cc9b,-,Eoa,"1,176,645.33",0.01%,,,,
0xe8d13e864d68086c64ade5a2e49458134b6b06e0,-,Eoa,"1,176,562.61",0.01%,0xdd8203db536daa7c66158ad698af9910dcd281ce4ec267dc51289d32cc6508b8,2024-08-05 01:52:37,"$10,133.05",out
0xae78e812ce153d3a63413c38140dbb88ba48cb82,-,Eoa,"1,175,818.20",0.01%,0xf482bf46edfefe03a08c76040e5b485eb4941ad9dc928605d39ea30124029c51,2024-05-13 09:32:48,"$369,457.72",out
0x233f5643a039ce59c5e00bf0e1e9b874facc3bae,-,Eoa,"1,172,641.45",0.01%,0xf27be01cabe2c662491e7883fa6079cb5b8a3218f0cd2f77261febfd04948526,2024-07-15 14:23:22,"$99,755.30",out
0xa3c7f558c89d5fd0f3f9dca10e44064aef4c2358,-,Eoa,"1,166,495.28",0.01%,0xf6b99b0b780608b303f4c185d07ea70970266ea593bdd13111170b264d850495,2024-01-17 13:54:36,"$146,057.43",out
0x856642d5be52c757e4ad770ca562358f7d22f6af,-,Eoa,"1,153,190.78",0.01%,0xbe0181891569e463d74e06169a167fc784d8be4310a139c697fc473ab9aa9f59,2024-06-14 06:54:42,"$10,033.53",out
0x3ae4461ba1a25c5ea435cc29fc5476d6cf778c1c,-,Eoa,"1,152,811.75",0.01%,0xaeca913ce5db3bdd5e9a2a8b05bade9ef51ec81862d60c5de7d76cffb728275a,2023-08-19 05:22:27,"$119,705.36",out
0x00822913d8c86baa22485a15628f9b278870ef37,-,Eoa,"1,150,000.01",0.01%,0x29e3a5b4283733de1fcff314ff78ce1c07903c2709e110385bcb1f86c459de5c,2024-05-17 14:45:05,"$36,872.01",out
0x15303040c144fc26238c8e4a564a36d49ebfa41f,-,Eoa,"1,148,107.90",0.01%,0x28b4f8abf66dc4c6da358f09ca0f925813eca9a83ae5ca26d60e5e441256cc6f,2024-06-07 18:12:29,"$26,336.40",out
0x47f171cece4c91fb0cc02b48138498a8def15c04,Gate.io Deposit Address,Eoa,"1,138,958.36",0.01%,,,,
0xba3801847037ffe8de609ccfdd8e02c2f60adc43,-,Eoa,"1,137,001.57",0.01%,0x0df5a1ff415b766dae5e31894797b6eca4f6172b023f56521b250983390019ac,2024-08-04 14:51:54,"$12,512.42",in
0x59832535cadf8c8bf00035338f7ed562559d1cc0,-,Eoa,"1,135,031.38",0.01%,0xc5fc70a29b98eb02340902451c11bfce7d1c6078fc0c8753e22dfb673960503f,2024-08-05 02:20:21,"$15,895.61",out
0xc3784b15d0a01524538a60fcddc33f3517fc2162,-,Eoa,"1,126,624.36",0.01%,0x5e122a441f788a3367e75bb4ca4fe4ffd2d961791e07c95a0b6ffdd74d88ded2,2022-11-18 17:33:52,"$99,755.30",out
0x59ac3302f332577349776147c7ff7345cde8f454,-,Eoa,"1,114,642.68",0.01%,0xdf423d5650a5224824f41d9c5051679c5bad7a0970c01dbf14e0bd1535e93a1b,2024-08-01 14:47:10,"$229,474.05",out
0xa3f86546de8c12f3e798e56a4e84e5ce9e1018ee,-,Eoa,"1,112,566.74",0.01%,0x61e7a3425de220a9f9e15dd3e00c1f434c7412087c19f838c6622f5cf61278f3,2022-09-05 16:19:24,"$1,109,844.30",in
0xd01390ab1ae1fbdbef61514c8247fcc6fbf167bf,-,Eoa,"1,106,424.29",0.01%,0xefeea65b1383d467085a67d013184a5d9917b50a832495879e6d93887860c172,2024-04-13 20:18:18,"$187,766.71",out
0x49dda0984e5c67cb470edfeb84fa2789feba386c,Binance Deposit Address,Eoa,"1,104,793.06",0.01%,0x3d1fffbd601cfc1f25946afe7175b9e1844c256b85eebfa0b2834b344e6f9a1d,2024-07-30 10:00:06,"$510,646.68",out
0x62e33a2e414e17a69c1179903a10fcf27661296a,-,Eoa,"1,101,499.53",0.01%,0x7dc7b1246edca976224ef8b103832f8d1841af984167ad9d0990a976a22b6d2b,2024-04-19 07:06:17,"$49,877.70",out
0x52dc9906172c5e62c8c5261a18aa9c62c946f7b4,-,Eoa,"1,101,013.49",0.01%,0x5b1af3c97670598f937320fc29c0c508f3a17a627ca9970bca9a7fe43ee4d2ba,2024-07-17 05:17:11,"$1,098,318.32",out
0xdd38a80c9a2547bd8b563530925613fe2c4dd14d,-,Eoa,"1,100,000.82",0.01%,0x97552fc148efc034e9423caa728d8fbc3674c0c0b1fdf8077b5152a027b49569,2024-04-13 20:20:27,"$1,057,407.02",out
0xb89bd5c942914289fdf4356e1be25f9a8824343f,-,Eoa,"1,099,999.00",0.01%,0x50bfe805a6578db740cddee914843f54bc963f06e0d063942b9c54734a7745b2,2024-06-11 18:00:08,"$199,510.10",out
0x32ddf84cc350f99de7f11c6c64cbcbb6266afd5e,-,Eoa,"1,099,408.94",0.01%,0xe57f6df3df6a8b609a7385691abdda7e65b99e05f11c2a0ede6bbdecadcc63eb,2024-03-25 10:53:48,"$103,067.98",in
0xe0a616c3659be29567e08819772e6905307adf21,XT.com,Eoa,"1,082,303.59",0.01%,0x70cdde574553660efde0a99957d758707da38a4431890f83962d246d3a6282ab,2024-07-15 05:42:51,"$18,043.60",in
0x52a258ed593c793251a89bfd36cae158ee9fc4f8,BetFury,Eoa,"1,080,635.38",0.01%,0xc96218aed6138b1d9216f078e54322c6f2978bf1fb4d11541a0dfd6c28c19b2d,2024-08-05 00:01:20,"$536,524.02",out
0x5488ef5a26280dc7db446a32f3a893b478604e60,-,Eoa,"1,077,474.68",0.01%,0x61c03344424f597c4792e789a8a1a676223a716a7e12e43788b5bdbf2d592531,2024-04-10 19:18:49,"$774,454.00",out
0xdf310b8c64803ac390a6756cd85983d69110b079,-,Eoa,"1,073,461.90",0.01%,,,,
0x64af0a8e9a29346443fa65e6f54e1390eb353de6,-,Eoa,"1,071,029.00",0.01%,0x550f9319a47060892d3490a54394188a65473eb079006625bf316081aabd3fdf,2023-11-06 04:16:40,"$504,263.04",in
0x5dbfa4537e3e86eea0680303fda27fcf3d4a3a44,-,Eoa,"1,067,470.21",0.01%,0x3cc34dbe894b71731a8f1b6326ac29c18c553279f2f41711f11b61e21341e1dd,2024-04-15 08:04:46,"$221,118.26",in
0xa32f81398f58c1800484a4de078a0f55daaf738a,-,Eoa,"1,066,898.33",0.01%,0x88368e46a8be046656cc1192142bc78dc0e54b59838bbd5316542d9f512c792f,2024-07-25 14:48:39,"$71,207.07",out
0xd03294bc52ddc565058b5ea628063a1f9131ec3e,-,Eoa,"1,062,306.37",0.01%,0x6f895c0eea91facf6df174125a19f764d7f34ce205e64f387f2233dc1d2baf0f,2024-07-09 11:44:05,"$161,907.84",out
0xa9451c7b4abd8e2ba59cef3585718671b70e8481,Binance Deposit Address,Eoa,"1,060,899.92",0.01%,0xa9c91fad886da2d28b8e65cf58b9f590f1ded507785e37ec7c89c5430a046aec,2024-06-20 19:30:09,"$39,501.10",out
0x0f0067cd819cb8f20bda62046daff7a2b5c88280,-,Eoa,"1,060,044.44",0.01%,0xd51972f1242326aca0ecc31ad09067cce17cdda19a6c1833e6966dcb2e1f3a89,2024-08-05 00:45:32,"$14,355.21",out
0x458b07dbf9e29a1f764003faeae38713e352ca78,-,Eoa,"1,056,231.69",0.01%,0x0a08407008c4e5702482415e3fbe0c04f45cc5b95f6f304ef48b30e8dcfd5685,2023-11-28 11:00:01,"$128,460.77",out
0x98cf4f4b03a4e967d54a3d0aec9fca90851f2cca,-,Eoa,"1,053,253.80",0.01%,,,,
0xe91cefcff6a10b5437160214eb7d99e4ee49e737,-,Eoa,"1,052,497.00",0.01%,0xc79084b7aba2c172955408022f496b67e70c2b9bb82ddcc15ff9f67b14c60d36,2023-11-21 16:30:22,"$51,543.56",out
0xf2c65c6a43c597c0b502800d1152985ca3286f59,-,Eoa,"1,050,010.00",0.01%,,,,
0x288d4f9a4695c84559c713f11beedad7d72efd7f,-,Eoa,"1,040,503.26",0.01%,0x757c16f6086cfd4379e6a3d53842a772963b8a0bbd6aecb1fd28ccef219a78c6,2024-02-16 14:44:51,"$134,150.89",in
0x686f16f84bc9fe0204e1f7025ff576c81ee29d21,-,Eoa,"1,040,126.86",0.01%,,,,
0xdb77f8c1d1cb2e6c4295366f3d43cbbadbb59372,Gate.io Deposit Address,Eoa,"1,039,941.47",0.01%,,,,
0xf9cf7816b024bce818de139773d04c4ac9e79dd1,-,Eoa,"1,038,847.78",0.01%,,,,
0xcf12436bd7329fe4410ddf5ce5beeac5382b81ad,Binance Deposit Address,Eoa,"1,038,847.68",0.01%,,,,
0x456ef5b2f8d5d67e24e34c48b1af266ec7027e80,-,Eoa,"1,032,665.49",0.01%,,,,
0xb4abfb5ca29c09444e7614b500551fce1d33c803,-,Eoa,"1,028,411.17",0.01%,,,,
0x7df6885310d7db380b4a426734159794f21640f6,-,Eoa,"1,028,169.14",0.01%,,,,
0x43b3123585cb91bceb12e6d825a347c7e34b8533,Gate.io Deposit Address,Eoa,"1,022,912.55",0.01%,,,,
0x8c90f52ea3c20f66d5fbdfb6f8bd8367d3b4ed1c,-,Eoa,"1,021,372.38",0.01%,,,,
0xe691d4a2d72f2d1314639b2d4731f38d225ebf59,-,Eoa,"1,019,713.24",0.01%,,,,
0x9743120e24ab60048a537e23c1ad51f286591fc7,-,Eoa,"1,015,256.92",0.01%,,,,
0x86ae21102003573df5d0de12182b4f59c54af6a1,-,Eoa,"1,015,000.00",0.01%,,,,
0xe8567b526adb1b40c6931ed348357f3772ad78e8,-,Eoa,"1,013,974.97",0.01%,,,,
0xe98c1e6472873fa44b9dd8ffc6e7c9db849e81a1,-,Eoa,"1,013,871.30",0.01%,,,,
0x8074c5bfc03c33c7a2284afa2acc2bfb032df439,-,Eoa,"1,011,808.40",0.01%,,,,
0x2c97c93ce40511ea95bda68174fde2213f000832,-,Eoa,"1,010,500.41",0.01%,,,,
0xa1ba587f0793c6266993e11feda5167bb9664648,-,Eoa,"1,006,598.81",0.01%,,,,
0xb75cc5136de0fc5752e28130e8380ebaee1b03e0,-,Eoa,"1,005,999.99",0.01%,,,,
0x44b48b079656de5673ce69bd4c7daf8c12a360f7,-,Eoa,"1,004,262.66",0.01%,,,,
0xdfaa75323fb721e5f29d43859390f62cc4b600b8,-,Eoa,"1,003,139.38",0.01%,,,,
0x08ff9153293059401b554072a403dbdc66b73115,-,Eoa,"1,001,176.18",0.01%,,,,
0x3fe19a5b9958f912e475b2feebde8ec9b4141c2c,-,Eoa,"1,000,852.80",0.01%,0xd186454bbdab1daeae6128c528288be2cbb2f683265b75f2d84e0a4f71add212,2024-03-31 21:33:35,"$997,553.00",in
0xc277e754197731e5ea906117e6fca9ad0c392037,-,Eoa,"1,000,367.10",0.01%,0x46b83429ad5f986f51e430b959ea11cdc16abe25918bf10cdb5d706409677a2f,2024-06-13 15:37:31,"$99,755.30",out
0x3c3295d005db5f3cdf6f4ed22e94adfd35c25350,-,Eoa,"1,000,099.62",0.01%,,,,
0x6c27ee71dcef0ba04a0b3ceb426194393de3b5f2,-,Eoa,"1,000,002.62",0.01%,,,,
0x82f3195c4abb20c50f276347cf1c2728231cc214,-,Eoa,"1,000,001.00",0.01%,,,,
0x0a71effba9dd727c041e8dc336aa80513fb76afa,-,Eoa,"1,000,001.00",0.01%,,,,
0xb6fcab06272079cdd18457c6c5edc5cdc961743c,-,Eoa,"1,000,000.00",0.01%,,,,
0x911cf7cde56e196d0bec0d4661fe56256d55ff59,Binance Deposit Address,Eoa,"1,000,000.00",0.01%,,,,
0x0ea6d58f65243b7f003a1870f15e90806cc36768,-,Eoa,"1,000,000.00",0.01%,0x006d46ce07cfcd39316e690804ad459308c129d2e30271113c95e20c1c065dab,2024-07-06 18:59:33,"$16,659.14",out
0xe69f81b825d7dc31ee9becef4dbeab5cf30e3abb,Binance Deposit Address,Eoa,"1,000,000.00",0.01%,,,,
0x3aa6aee8baa6389927bb5c9ec9faa8381ec71dac,-,Eoa,"1,000,000.00",0.01%,,,,
0x2aac91b95720fdadc37aaa5154ea2f37b6f58968,-,Eoa,"1,000,000.00",0.01%,,,,
0x5f8a4c0be2b9a74813c020149778583836bfc983,-,Eoa,"1,000,000.00",0.01%,,,,
0x8d1297f7aeb178945355807d62c633fca3f9fd94,-,Eoa,"1,000,000.00",0.01%,,,,
0x60be68642a04911b5ae089089e4f2ff3e4566beb,-,Eoa,"999,999.70",0.01%,,,,
0xd2b99be34c2d319a32a8f9611f003c3dd458ed1b,-,Eoa,"999,998.50",0.01%,,,,
0x89240946089a3e52e0853ad1ab5ef032da080be7,-,Eoa,"999,299.97",0.01%,,,,
0x9f446308973da29a34854d7abeb08994be140062,-,Eoa,"999,299.20",0.01%,,,,
0x887680bc00b6e0c2f132a65af7282e1684890c28,-,Eoa,"995,860.09",0.01%,,,,
0xcb0f46cb08987e1b35016cc7a039887218206bca,-,Eoa,"995,821.99",0.01%,0x3b4ae403cf478b8fdfd2bb7f7eccdc3ca0ae50f9561aaf2b5344d844b63230ea,2024-06-13 09:21:06,"$21,946.17",out
0xc8fe0ecb81b46085989c924cbd90406dca4e20f2,-,Eoa,"995,594.76",0.01%,,,,
0x4a264f4e9a906faac8cc039110eb45a78a418310,-,Eoa,"990,683.96",0.01%,,,,
0xdabfe5c9a9205122f2da83b6e927818a1bf47a2e,-,Eoa,"988,721.14",0.01%,0x01204664ff271201b80df1e19a9b5760f5cc2e7c7c105e07641c7480d5e23ef1,2024-04-13 19:53:51,"$69,819.91",out
0x688051fe5304f1c72fb34d180f2046bc036d2aa8,-,Eoa,"985,174.84",0.01%,,,,
0x797f57d0222d79115ca5a7383a2035c189d7855c,-,Eoa,"985,163.56",0.01%,,,,
0x256ec5729a1291c30c40797a35b3275ac6e453e5,-,Eoa,"983,531.57",0.01%,,,,
0xd88aeb2a107f821324e8d9145de92943acb8834a,-,Eoa,"980,551.73",0.01%,,,,
0x3aac601cec7dc4c4a6d69bc58a3e9e78eeca39e5,-,Eoa,"972,360.13",0.01%,0xd17bfd5f66a450773f29d5d72cbb8f8a207c2d9533948d9dca2a45923afda6f5,2024-08-05 02:05:16,"$19,951.79",out
0x4f5419739ae0ca2b1174959dcfd929da98bbea73,-,Eoa,"970,517.29",0.01%,0x8418de417bd2631159acf1008b26d15ac807d66b1f215528c9c3fad1f5c788c2,2024-06-05 06:18:59,"$145,161.43",out
0x1a20acda50966acbd1c005152807f23dad1bc737,Binance Deposit Address,Eoa,"968,836.82",0.01%,,,,
0xf6d4e5a7c5215f91f59a95065190cca24bf64554,-,Eoa,"967,734.78",0.01%,,,,
0x50987706d4c28296e4880aca08ebd9a43d1fc626,-,Eoa,"962,999.03",0.01%,,,,
0x67076eb180c00554ee494cd2fa5a3068420f74cc,-,Eoa,"959,657.04",0.01%,0xf16ac2627a57c592192cad9c1bcf712e1dc64eabfc2a19a19c070a9c6e580804,2024-04-05 12:14:06,"$1,214,462.05",out
0x26eb86225c7e2b21f0a2b77ac732b5a6b1ef85ff,-,Eoa,"959,577.35",0.01%,0x30e3482b72d8378f09a238c79f529098f75576f487b60da87af952b73d1764f4,2024-01-09 04:14:09,"$389,481.02",out
0x50c481a61a1aed059bebad16a89e1cce6816a266,-,Eoa,"951,678.47",0.01%,0x4542c0a9fadda8336405644506d3bca2593e9562c73316fc8e3452ad975778da,2024-08-04 22:29:53,"$11,120.82",out
0x7b522c63244ab871b16ad55e28b555d932f71f3b,Binance Deposit Address,Eoa,"951,113.23",0.01%,,,,
0x69e4f0fe135f1e326967cdbc59cb9ce605bb6af8,-,Eoa,"948,222.10",0.01%,0xacc9d4e75429b42c0a55abfa53f13e5e320c85af64556eb02d06bc392d959d2b,2024-06-05 12:33:17,"$296,520.86",out
0x1e35e9c2319a3fcd4b89584268430fe6688181a1,-,Eoa,"944,283.81",0.01%,0xb0bc68a04c7f66a85dd7ce3b6576fe8731396963bf042afe3116c8d8ae2de45f,2024-07-29 11:55:09,"$12,968.19",out
0x0e5e22941fb28388c906b17a62e54e9c1f754786,-,Eoa,"943,723.88",0.01%,0xdeefbbb6779e34c3191d8328675fb4e7a47f001ce119d8a9ed38aa8fd0ba946b,2024-06-30 07:08:10,"$11,771.13",in
0x4e4398f4b7683f721add73fc515d7db4f1a4df6e,Amber Group,Eoa,"942,123.20",0.01%,0x286403760c3a6e28c37b7aa3b965aa03230226a309b89cebf46700fe16db7486,2024-07-16 14:48:09,"$698,287.10",out
0x07af234aeb71ec0620139f1f22147d5327581f43,Binance Deposit Address,Eoa,"936,708.08",0.01%,0xc1fee7963058a3e33190f13336a113ac65f1f872cbe76b1aeadf673d649aa3fe,2024-01-17 14:00:15,"$146,057.43",out
0xc780460bc0753e3fe340134539e9180e8c24f985,-,Eoa,"935,593.78",0.01%,0xb7e3b37297c7422bbe6d24b41c9e5cdfd18d0295ed83a7c52cb52c6aaa0315e1,2024-04-03 13:29:48,"$99,755.06",out
0xb2213181bca727dab8bb5e28940a96da4ae806ad,-,Eoa,"934,556.29",0.01%,0x2a01f977d40ec514d00cf268d9a370aa1e09dc78d8f6d9443deb7e276b626984,2024-05-31 07:20:14,"$24,495.91",out
0x9c2151ef0a5261e4307531f1c596d22c8ed03eee,-,Eoa,"934,330.18",0.01%,0x4affdb9eaa33c09e9deb1c99ddd503e4fd162b78f52e9b96d5705efc6dd90b87,2024-05-28 15:30:12,"$169,584.01",out
0xe67dc4ca819beaa0e5b5c0b8245967d4fa237ccb,-,Eoa,"926,359.75",0.01%,0x204b84489e6538d87f5cdb69f250983e5378a17fd65af5c13b761b0f825f8554,2024-08-05 01:04:14,"$24,820.95",out
0xb9a3da2de11c5cc557ad1f73567c695041ba3d48,-,Eoa,"925,647.00",0.01%,0xb12a24fe44bbf7c321803d025392390743ad9b2c6a3b563c83c1fddebd73d1b4,2024-08-02 06:23:50,"$135,315.13",out
0xf1d03e68588148179c0ef86ca8de168b943ca229,-,Eoa,"924,300.79",0.01%,0x97643bf0a3b200f22f893dae8ad867699c066d41c4d1f3c84c79b83ac7707936,2023-11-27 14:41:41,"$14,207.02",out
0x5e7f244fafe8b5c27538ac90fc44116a3a46d10d,-,Eoa,"920,577.97",0.01%,0x6d69abbfcf85128d6ae0557958992f9e03ef6f9b2bf870f1b5ae7541f0e6d8f8,2024-04-24 05:49:59,"$13,566.72",out
0x8d13018cf3a136c4c6f6fad37ba880b4677a91d4,-,Eoa,"920,012.63",0.01%,0x090ee869e6a28396a8da03a471029b518ca66aba5f43e3aa1a869967b3eaaf20,2024-08-01 11:37:14,"$917,745.08",in
0xfeb11c3960eec87bbece7939b7be2e0da1a8e846,Gate.io Deposit Address,Eoa,"918,515.99",0.01%,0x1fce6f9ce491d1575b91696497e1b8513b52ea7442c06b669842747a7ab2495c,2023-11-28 11:22:37,"$916,268.39",out
0xa131b734713beb05aad4b273a84e0bddaa8d5a52,-,Eoa,"916,000.00",0.01%,0x00fad13e11e9dd6b04238045e16bd5ae6a689633313de82282265eac9fadb9c7,2024-05-28 13:36:39,"$33,916.80",out
0x7a72dc8d116271664ec7c0e9a9b111f25dd259a9,-,Eoa,"913,821.94",0.01%,,,,
0xaa364c1a348f9517009207a1601e0a73c1cd530b,-,Eoa,"909,334.85",0.01%,0xef59a1909270fd1cca5e8171c24c24352423e1162ccd79f6012b27bdc91ec1b5,2024-08-05 02:17:59,"$10,303.74",out
0x604ef256ba10311aa9e0b9fa526fb68f64228379,-,Eoa,"904,839.94",0.01%,0x84a6e18cc2389a587adac959c727c067a81236d48ad45a9e17762b7a39414cfb,2024-07-18 18:54:41,"$94,642.84",in
0x5b72d8db036a527ff18b4b4a074bacd239d6b98b,-,Eoa,"900,683.77",0.01%,0x5a6014037a0b56c33518bf68bc75478a8c8e0c8cb6df484d578c16c0083198cd,2024-03-05 10:26:42,"$498,776.50",out
0x6c7c8639ced44001f6d3049ad6e2bb2656f9ca34,-,Eoa,"900,000.00",0.01%,,,,
0x57708f5cf74661676244c57cd432d728ab560656,-,Eoa,"900,000.00",0.01%,0x6350324d33da1ed41b5eb0accd9fcd728fad3cf7f9c0debe621a462e32596acd,2024-06-29 02:54:08,"$134,190.83",out
0x5eddc63ecc80ccd23c0d9312ad41706d039f85e7,-,Eoa,"900,000.00",0.01%,,,,
0x9f22446a6559b50f0c170f62b8150c9f65dbfa62,-,Eoa,"898,683.88",0.01%,,,,
0x1c9fbbfa261e386eee592794166a17c9876021ad,-,Eoa,"898,013.12",0.01%,0x706a1b5626415407d1033fd0965153646eeea910bba80b769ee4d420ba7bb6fc,2024-06-28 00:33:58,"$19,951.06",out
0x845e5922ddb27873838646a9e180a8eeb0d8f15e,-,Eoa,"891,291.17",0.01%,,,,
0xe5e102782977cde63505be4210e782e44ce69b21,-,Eoa,"890,106.24",0.01%,,,,
0x70aa580ced03e9a31ca4e7919189dd2a24ff84cd,-,Eoa,"885,956.21",0.01%,,,,
0x0896b4c304f70ed5ed67fe24610f841d7068c208,Nobitex.ir:Hot Wallet,Eoa,"881,002.86",0.01%,0x83d17b53c9df3336e3d2df949e5c902278cf48f82cd028c29bba8737628067ca,2023-11-27 16:55:15,"$19,551.24",out
0xe90f4d67f50aec4704c8ca4f0f936d10468887cf,-,Eoa,"880,985.93",0.01%,,,,
0x9bdb521a97e95177bf252c253e256a60c3e14447,Nexo:Corporate Treasury,Eoa,"873,330.04",0.01%,,,,
0xa7c7da6c41d0d9611b5c9ddb3f97af7e144fa3ba,-,Eoa,"873,301.72",0.01%,,,,
0xcf57dcdcb82cf1a4e3e4bc0297e0d7bc621d0a6d,-,Eoa,"870,993.40",0.01%,,,,
0xd6d0a1d90972efde4072195fe40aba60015f1075,-,Eoa,"867,971.57",0.01%,,,,
0x79be8c59f4170d25d5c897637e2e6f17a42b4cb1,-,Eoa,"864,816.94",0.01%,,,,
0x750e52615024d155c29657c4f2c478fbdec45815,-,Eoa,"861,116.02",0.01%,,,,
0xc4ccd162ed4a099a49d21e51c15b4b32fedb9bd1,-,Eoa,"860,516.94",0.01%,0x8c37560e336a2e472f503df9582e8335d5011693c6e53cedcc19d55747091a95,2024-08-05 01:33:25,"$98,294.92",out
0x50c1098f00d9a1cdea3d490f42dfb84f87d4ad84,-,Eoa,"855,000.03",0.01%,,,,
0x2f5a7c73efd8f909a625c3b79a2495395e906628,-,Eoa,"853,625.89",0.01%,,,,
0x88fc50577749bd27b242b578b8a0b6a738eb8683,-,Eoa,"852,892.80",0.01%,,,,
0x622cebfe3bba68ec54f41dfd080b208716aa4b34,-,Eoa,"850,771.11",0.01%,,,,
0x557e9a61d1e0e92d4f7ce102bc06c853d3e541c9,-,Eoa,"850,000.00",0.01%,,,,
0xbf6cfb415d6d6e8762d903fd1e5cf925b2b3ceb4,-,Eoa,"846,376.59",0.01%,,,,
0xa712c95e62fda691380947715772a82ac63e521e,-,Eoa,"834,129.00",0.01%,,,,
0x858655d703535a5deb8b9d282a2253c58326c686,-,Eoa,"832,228.12",0.01%,,,,
0xe647b0db71985b26a1562be585bf270ea4023b10,HitBTC:Hot Wallet,Eoa,"831,940.14",0.01%,,,,
0x2c22b525e54fec9febebdbb27dd4aea59f69fa53,-,Eoa,"831,889.41",0.01%,,,,
0x5ae7e643275404592e0b3d7ab4e08ea3f488dacb,-,Eoa,"829,464.09",0.01%,0x9a1bee9e64b6638c6ee6f00445c2c29c5c11fa22d345af160c2c2b6a934b81e0,2024-07-30 01:51:53,"$16,636.86",in
0xead4fe1224ad9b1cee595dd9c5444aab5354fbae,-,Eoa,"822,474.39",0.01%,,,,
0x7415c2ba6f806abb4ccf70f9f1043998c94a2d0d,Binance Deposit Address,Eoa,"822,383.31",0.01%,,,,
0x6dd89dfb9daaf8da6e87647132ee9bc8eafa2419,-,Eoa,"820,000.34",0.01%,,,,
0xa16b365777bed6a2e13fd51e455b7f466b283c79,-,Eoa,"820,000.27",0.01%,,,,
0xf87fd86d87dd23a921ad2b691e372ce0c234a802,-,Eoa,"819,141.51",0.01%,,,,
0x74a7c56814cdf1d467465337276c1ac381567978,-,Eoa,"818,268.23",0.01%,,,,
0x6e6a5ade90e60ae883f0b35fb2e8d8f66e5d7a07,-,Eoa,"817,326.25",0.01%,,,,
0x42036d17922b725ad29c136be1e78523c3021786,-,Eoa,"815,500.67",0.01%,,,,
0xeefbab186498025bc21cb21d4cfe2fe180d0d64e,-,Eoa,"815,000.00",0.01%,0xd658f76d73b31ee760c04d763a950a17b13602309c8ae687ba054cbf6ae77e51,2024-07-26 15:50:47,"$13,883.94",in
0x64136fc68a1c5d24ac827e788efcc99bfff9ebfb,Cryptomus: Hot Wallet,Eoa,"814,331.39",0.01%,,,,
0x2660c4d36562e0e8dc822c3a2990b683123372d9,-,Eoa,"813,536.18",0.01%,,,,
0xf663ba071e7d5806da19341348c7f7ed38c946b6,-,Eoa,"813,200.40",0.01%,,,,
0xd193933337901aca93139fbeafe80dc23a9c392f,-,Eoa,"808,845.96",0.01%,,,,
0x94e1a28db9237e7aaf249b7f9799ab3123b21542,-,Eoa,"808,700.00",0.01%,,,,
0x8b1df33820a6e8576ac3826d1a3862d8c870d5ff,-,Eoa,"808,160.02",0.01%,,,,
0x293d1ae5bc5c81a2dff19cc05885b4ade1248538,-,Eoa,"804,400.00",0.01%,,,,
0x43f11adb687f9815f806cced5ea3a8913b3671bc,-,Eoa,"801,801.60",0.01%,,,,
0x53387682141a7ad8bacade781b0d9f7159538382,-,Eoa,"800,167.40",0.01%,,,,
0x166deeb9466b31df675a0127074f6c2d69644bbd,-,Eoa,"800,001.00",0.01%,,,,
0xd4ed1345230da6bf464e0ade083ae3c4e61e9d82,-,Eoa,"800,000.06",0.01%,0x21476801bfff0ccfb6a24408e0244812dd3b3f67f129cd490da51c87931d1f51,2024-06-29 02:37:47,"$199,510.69",out
0xbc7f66beaf9d44a11c3e7ca6700126ae4507e993,-,Eoa,"799,999.99",0.01%,,,,
0x128e92d684d28bc9b55cbaafe4eb22f53c7bde74,-,Eoa,"799,999.99",0.01%,,,,
0x8cf14b7fca737bcbe4ffbe8f6f6aeb0d4ba4e966,-,Eoa,"799,999.99",0.01%,,,,
0x601260319aac20de72c9c8a984e65b89e51b99dc,-,Eoa,"799,999.99",0.01%,,,,
0x8a9c48c44b60b63c1f6f78585818985223bd82c0,-,Eoa,"799,999.75",0.01%,,,,
0x314b0c6484ee5dc90219f9cf724223bf48ed9059,Binance Deposit Address,Eoa,"799,998.00",0.01%,0x9751d811fee9dd4e7eccd3bd8c9658513b144ba063021fe33a6bb976c1c4ae49,2023-10-27 02:30:03,"$299,265.90",out
0xcf90210a1a87644fa1f04040016ae98187391242,-,Eoa,"799,940.00",0.01%,,,,
0xf41a061690f0890455512a5bc9bc4b1abe9236ff,-,Eoa,"799,701.46",0.01%,,,,
0xd56ecab4f2fa1017b94653c0720c398560e84c65,-,Eoa,"799,545.73",0.01%,0xf066bde27f21ef4c56bfbe643f04a2f44607d3c907b0a0f3db1eed58c2a075a3,2023-10-07 07:30:56,"$299,265.61",out
0x72d2fe01d5a9e53b245d3ed18eeface073062271,-,Eoa,"799,399.42",0.01%,,,,
0xb8e6923dd1c0a76147e570185551b3dedb2a1be3,-,Eoa,"798,625.45",0.01%,,,,
0xf46b0916065c21bf6f58758ec2cf2a48b44df397,mexc-com Deposit Address,Eoa,"796,915.79",0.01%,0x671d7d3a228f55db50788a0d949558aef5b350c1bccb6be473f367010ad404a1,2024-04-22 14:23:24,"$27,135.11",out
0x78ee5b87a3da29f9137e42f4d7951b5da182fbef,-,Eoa,"796,742.71",0.01%,,,,
0x91958a026b2793cdf108b82d9123e9a00c8b4edf,-,Eoa,"795,424.23",0.01%,0x602bc602e33ee674e6d7e8a3f681964cc13c5148fc897cce901bcf0ecba0dfa7,2024-08-05 02:23:12,"$19,951.06",in
0xe56ae443d5bfe60b3715afb421e6b140df37c53e,-,Eoa,"795,009.00",0.01%,0xef1f7535d90f137ea1493954e463bc0ae7f7bf4c99ad5b25dad505142ec8472c,2024-03-30 17:35:20,"$79,803.24",in
0x055d9a4dc18687872d95e2324335aaa4fbd29f05,NoOnes.com:Hot Wallet,Eoa,"794,271.37",0.01%,0x0a7f1a72ed4e7c5179d4a85818f5fcd767cd0cb2a36e5ad1eba9d30ebf6bc7ab,2024-08-04 10:38:26,"$10,154.60",out
0x3561b1ce13731331332f27fdaf51499ad43d3652,-,Eoa,"791,502.34",0.01%,0x04c712d0b9038339ed1f39adb4d144a0af6b21565ced2914dd02ef8fd440562d,2024-08-05 01:54:37,"$10,290.08",in
0x96106ee8836f8b615778f87c77444f7a04160c47,-,Eoa,"788,534.24",0.01%,0xfd37e6d13adff729677245ebf521c8935137169a69160ef05543577318a82cda,2024-04-03 11:35:32,"$2,106,909.87",out
0x5fe2fa8bab6a970da3deade68184669e6e358dae,-,Eoa,"788,000.22",0.01%,0xe10a9506a79ad8e1f10d9a510fc2db8449b5a530c39eae041c2772ff56da9d9c,2023-12-06 11:08:52,"$1,146,023.80",out
0x568a494ee15cb0eed9c8988afe8fd8b22b686a69,-,Eoa,"787,933.82",0.01%,0x67a071f641ea8eac12193b62456189a51012c585012a2898d779023c34944fc5,2024-03-03 03:11:17,"$24,201.90",out
0x87095d27fd5ba8fa433c2cf8ef48141fc824930b,-,Eoa,"787,264.90",0.01%,0xc263c3fc4719e074f5023a742362b760eeafb947a03160893b0d55602e94e795,2024-06-28 16:05:53,"$49,877.65",out
0xb71a210e299ba14fd5e6476d2b1d66348f9dfad3,-,Eoa,"785,979.32",0.01%,0x593fbdb9f5db39802dd9e3655c6b9a3c6bf67ed322db055287cbb09b158d46e1,2024-06-04 04:23:44,"$29,926.59",out
0xaf8161d5f7eab0ea9b3eb9a8f99c7e03f594bcb1,-,Eoa,"781,000.00",0.01%,0x84a00b7f3897a6cb614d3d5e1119c62628b3d3051ebce477381f8ff07b39c339,2024-07-26 05:45:43,"$134,130.78",out
0xba6f511d38541abc93abd54fe536d943887d77b9,-,Eoa,"780,788.68",0.01%,0xd2adef427922a984efd3ce1e9b53520cc724efb4877a72435d13e31980216c53,2024-06-25 16:41:40,"$411,254.91",out
0xe0732f66a1146b7fa36bd932d03616f3222dbb1e,-,Eoa,"779,575.23",0.01%,0x01d2a10151560f984645d89cb58dc832a13936469d37ae6a02044c2cee08b53d,2024-07-13 13:11:14,"$91,811.89",out
0xf9e782702e97793be1119e99120f266b5d47bcf6,-,Eoa,"777,522.64",0.01%,0x8fa1e2cf6f22cbbf9f09099e632ff5fbdca52e4413de0fe421a9ac499eea734f,2024-08-03 18:15:33,"$10,886.82",out
0x60390ba4aacfadbfbd98d6001983ffb19da5a937,Binance Deposit Address,Eoa,"775,821.81",0.01%,0xa9eb4d4d5bda7cd5e193127c25418282bd8a230c39a067280594a60f08f39268,2024-05-12 22:30:04,"$119,740.86",out
0x4969239366ad5de3a3700378a8d26fe8561a4953,-,Eoa,"775,785.11",0.01%,0xd04ee4a5f355724e179a68c4c044242c84346378446d69278a33990c12eafe6c,2024-06-05 18:21:58,"$25,722.02",out
0xc48b023306e341b98bfff048a03fb23ada702d32,-,Eoa,"775,001.05",0.01%,0xc2d0e6b2e811546503c69979bdfca9edeff2937cb9ef31ba6b288fd93d677d71,2024-02-29 06:30:04,"$498,776.50",out
0x6767526a362ec6c6b1df185478e4f01506b73ff3,Binance Deposit Address,Eoa,"773,525.17",0.01%,0xa9408b8c4a6a1de405fd997dbfc8711f9c4033d4431c43e8650fda1e7c999e75,2024-07-15 18:00:05,"$172,775.89",out
0x955e01ab48506cc0eafafc484e969ba9d24478c8,Binance Deposit Address,Eoa,"773,429.13",0.01%,0x12baf413ca02263708ef2373fb183ec140040ce8c89d1e8ffbb9f02482786fe8,2024-07-25 05:30:31,"$13,387.79",out
0xfee6f83531b1ab7d8decb7c36b8e4ccf443c6f47,-,Eoa,"768,564.34",0.01%,0x55301a6e1a77d1468322d76f94f00e966a46bf65f4457fd8f973e73255f6c211,2024-04-03 10:31:11,"$863,781.88",out
0x3411454a702a87784e254f4be4c439dd35ed0a01,-,Eoa,"767,949.26",0.01%,0x5b4e3c169bcc600795bb4113c017ad4d64455c47f55f100cb27b77df117fba34,2024-02-19 09:39:28,"$29,930.77",in
0x5528d82423d91da8e8fe8066fab15cc014ebd5e2,-,Eoa,"767,938.06",0.01%,0xb182f96a368e714c66eb760aab02493c956d785d994968ef1c42afabc5463e64,2024-08-04 20:29:28,"$28,929.04",out
0x50160d4dccb71747a14b26c58f88ac97ba0da4c9,-,Eoa,"763,641.11",0.01%,0x89b7c8c49ed58018186d65ff1f59db7b1ff0117ccc1dbe6781a717c4bb942eee,2024-02-22 02:15:52,"$83,679.11",out
0x028dc460e604ae4d78a6a85c92b1d75aaad41ed7,-,Eoa,"759,543.16",0.01%,,,,
0x5a37b3e1bb2e1c1902bdebe9d1f6c7fca3ace524,-,Eoa,"756,873.96",0.01%,0x4c2aa7bb304a21f306abd3df4d6b0301cac5c89889bfe44e6b0b77d60de8c69d,2022-08-19 21:23:55,"$57,868.26",in
0x7fe04fd15eedcb5b344f3ca58d0279f1015871c5,-,Eoa,"754,446.89",0.01%,0x0ca53ebcbc435f561b91933c615a096abd2f9b642a1514b2682ff5b95a4350cf,2024-07-05 05:11:39,"$37,457.51",out
0x86841a3faca0c98dee4a3347cbac970003e0033a,-,Eoa,"752,010.03",0.01%,0x1f3009bcb1ea861fd75a1ddeca690126c5ce7bc2b31f63a37a50e76d4f160818,2023-07-21 10:29:18,"$44,889.89",out
0x2274f282d3b2c052dc2c5da4ff43e4a89f1d4b5e,-,Eoa,"751,396.53",0.01%,0xa8e3d74b372bb8fd18941f37372e5a9156383185ca775bb537ab741c9814f40e,2024-05-09 05:22:56,"$17,955.95",out
0xb6a9c392602766214b4aaddbbd28bbb71aa21be6,-,Eoa,"750,104.92",0.01%,0x3a2651bd877164f00916011b37a1c11037643731d36842e3d9ee9403f8165f9a,2021-04-23 10:23:11,"$113,782.65",out
0x19df03931bf3a9fbc40d8b7c4e49f3aa5dcf4f3e,-,Eoa,"748,013.35",0.01%,0xc270794cc02254f8514225d2b6278718f03c51b781fd087570eaa17d5fedffdd,2024-08-02 22:35:22,"$34,449.50",in
0xead4f9ecaa5d984a3b1a07cc4a3da65ce24bfe39,-,Eoa,"746,543.86",0.01%,0x4b22a59cbe9b77957f4a8a9925a154382908d65f20233ec243611f513e5f1a73,2024-07-30 11:32:43,"$24,938.83",out
0xc24c9c58affc5bf3273139314f717df762d1c6ca,-,Eoa,"746,102.29",0.01%,0xbf73e00d2103f87fa38dfac5a56e790cecf207d9743934fb5201759a18db60f8,2024-04-07 18:18:21,"$164,698.29",out
0xcd481b19b6e31f8e541876b0b96ba03abe82e552,-,Eoa,"745,158.24",0.01%,0x916f0069ea455c6790caba002f054e72d54636cd3b0bcf7a9dde171c1bb929c9,2024-07-11 06:58:49,"$19,973.20",out
0xc75081cd382080fa3d65177d44d5df6a13dd903c,-,Eoa,"743,579.91",0.01%,,,,
0x19a11b7c713b31a542b3509b9312dfaf9bef5594,-,Eoa,"743,392.41",0.01%,0x2b529fae3611b2273d6069bcd80deda5d59f8f6f7d2c8b1a6ddfd706c7e46599,2024-03-15 06:38:17,"$10,786.09",out
0x6e1355628b5cb34c3753c3f88d05160d393bca45,-,Eoa,"742,018.41",0.01%,,,,
0xa637daa9d2aa188282d3d17c625a0ba45fbef43b,-,Eoa,"741,725.00",0.01%,,,,
0x871ea22ad5888b05c94d18c651b18a19bf33a575,-,Eoa,"739,249.10",0.01%,0x271d412809e1ebe4af1a726129220f9ad9bfb6bff9b3990e4cc18f2b514ba7af,2024-01-11 07:40:39,"$411,885.43",out
0x153472cd8d121ec7f28e03fbb1672ba779eb8862,-,Eoa,"739,112.32",0.01%,,,,
0x9a3a2e3199efd9d3e2effc1ebfcd48e47728672e,-,Eoa,"734,108.32",0.01%,,,,
0xd56a863fce077d0afbaee863e89e8a9e027dca63,-,Eoa,"730,815.82",0.01%,,,,
0x1d028d7fb9706469c5cf8071f4cf7c9c514a8116,-,Eoa,"730,006.48",0.01%,0xed30be2a4d7b5b780be7936e1669499180fd1009ddacfed037c1252f25444c46,2024-04-23 17:39:28,"$628,458.39",out
0x3f10d7bd58546b6f3a26caebdab02f137aee4555,-,Eoa,"728,371.07",0.01%,0x06242dcaa833dcf77cc1a883dde841a76b5420bab87949982e6acfe4cdfffa13,2023-07-23 11:53:26,"$19,067.23",in
0x42fa1c3b900b237738278486f18b24ef00574214,-,Eoa,"727,431.21",0.01%,0x16bb237bb748478d83184e936950b6465d0fb67a2ee3f3cdf9b527f262cda853,2024-08-04 15:55:43,"$12,028.60",out
0xb08627facd9bac30abce19677c348c16c7aca585,-,Eoa,"726,220.54",0.01%,0xab1e815c5fa670efe5c309fa8a903b4ad7ef509d3f7f30b137d431312393b1e1,2024-03-25 06:27:21,"$326,784.27",in
0x2c7efc64becc6bc51c83d5330c354cdd08713211,-,Eoa,"726,050.53",0.01%,0x7453ca3de01f8853c8c63b9914cebac9a11d1b43e82e41a0626047b27071e021,2023-12-13 02:09:57,"$466,151.15",out
0x4712f9d0ab6d0e233aa95e8b18b312213a23e823,-,Eoa,"725,264.44",0.01%,0x45f4fa4a1f8e21968ccc9b27f752b8208e463a42e8a2f65ca03d25ab0b58b455,2024-04-22 09:04:54,"$124,958.09",out
0xf533dd2990a2e3c62c941c675ab54e0373548510,-,Eoa,"725,098.20",0.01%,0x13bc962f36a61b3e8980a226df8e7527523cf0327eaeacec501d196386034ee7,2024-08-05 02:20:48,"$103,845.07",out
0x4ab275de34e2f805d2f557e5dec49241dabb1e44,-,Eoa,"723,940.97",0.01%,0xea0d54a046f30cb5a987f2cb2970b538c015ac83862575982fc8517226dc8394,2024-02-15 20:12:52,"$19,951.06",out
0x1a038459e2a90f61ba614f0623208fe709f279d0,Binance Deposit Address,Eoa,"723,367.02",0.01%,0x4e65dc22c1639f9c938e2177e109238f1a7741f574ec92beab30ebfbc5197ba6,2024-08-04 04:07:22,"$162,090.45",out
0xa98a62e809577589ee0d2f061c387bbeaa581b1f,-,Eoa,"723,200.92",0.01%,0xfc483e4e39dae9ea5cb028561c46df5f69feba3329f4f56dce3bcb5baf80ef01,2024-07-11 12:08:31,"$49,877.65",out
0xd1d989ea1dcf244db411b9c51bb75e4c787defc3,-,Eoa,"722,366.71",0.01%,0xb41fe4f4fa14188c53f982707855ad5ff0acaa893a7e32f3a2d4642ca7bc9681,2024-06-23 10:41:44,"$299,265.90",out
0x7ce4aa6d1005db18ca27b94c57b1d0610556b6e3,-,Eoa,"720,000.31",0.01%,0x7ea431a4c0bab5f6da6ea9462771476a2f79516e48a5db53a797d864da32be6d,2024-07-08 23:25:08,"$14,969.76",out
0x1d7fef45379d159a191c8ddb2293fe77a525b3da,-,Eoa,"715,847.17",0.01%,0x85cf2aab30d358b37929b5273eaada524c080f8bbde9c941fb0d1129ad5ba900,2023-11-27 16:14:00,"$668,360.51",out
0xec7d9f00e73a30ace4b35c1f0fd18a90d4415b37,-,Eoa,"715,671.95",0.01%,0xfcc92fcdab8bac96bc9a656f8a0e8d9570ef269494e5b9c8f1ec16287f0952db,2024-05-19 02:36:10,"$3,935,330.91",out
0xb33e5634991f84be09fe40137e8323964bd39db2,-,Eoa,"714,379.00",0.01%,0x58632dce36716dd6b3757096c3b706818e32fb7d14f5d7cca5899ecd2dee0c05,2024-07-27 12:01:21,"$19,951.06",in
0x748de14197922c4ae258c7939c7739f3ff1db573,-,Eoa,"713,020.00",0.01%,0x230af3ba9372dbb71f5edebf9dba49c307024b4b57f5254050efbca5d476e971,2023-06-06 17:00:21,"$711,155.53",in
0xd1479879d0ac69d6a60a3e19265fb1a53f94a41f,-,Eoa,"712,428.48",0.01%,0x1c26fe07a5525d1925991464a503f8f7c6eaeae94c30b955714155073dffff79,2024-08-05 02:15:07,"$140,658.91",out
0x6f72f72bfdb0f1ab8b80f37d9859aee338a640e2,Binance Deposit Address,Eoa,"711,521.20",0.01%,0xdaeb11c9a9d4ba8a5d81f623c2e43834f4944a3ba68b0ffd07ca7c9a0c20e3e6,2024-03-19 18:30:07,"$319,216.13",out
0x0115940fdc9dbc53ab6b799e6c723147931aa2dd,CoinW:Hot Wallet,Eoa,"711,354.55",0.01%,0xaae4d9e53befe2cbc3af742e9a3aa6a226384709744759c71da2ef4882c2c826,2024-04-23 17:12:47,"$93,183.59",out
0xca2e12f00aaba84310882179a443d1c7acb92c83,-,Eoa,"710,972.94",0.01%,,,,
0xe14820c3e53e79262b642aa5bc7bb668c50fef0e,-,Eoa,"709,415.95",0.01%,0x72b0a71574ed0b10f967629a271012dc010a508691fcb728f3dbfe54904a3a54,2023-11-26 23:24:13,"$353,841.44",out
0x6fc802a6d1d5c8f791284bc2feb26b3b7cf05778,-,Eoa,"708,450.38",0.01%,0x059886a11437181aa5d35c597adb6a513b8f8629798df6f75affffa9c43dee33,2024-04-22 14:05:11,"$34,910.86",out
0xa3af3e495a43388bf42e62dce9ea481cb6baab1a,-,Eoa,"708,106.07",0.01%,0x77b6065af8a977d9ef47a2621c2b8cba327ee2805e82788eda8ed028e5100058,2024-03-14 15:42:34,"$706,372.34",out
0x744286845fdda0b8b1bc8f19ce40a597f9785ba6,-,Eoa,"705,649.18",0.00%,0x3602a5b122d5d9e66e0faaf4c36d0ee6609c50c4f529ae752b2bcd5ca899dcfa,2023-11-27 18:24:29,"$287,226.32",out
0xcebbdb90e548507f38b7ff7a46fd08fdb50fbb7d,-,Eoa,"705,602.28",0.00%,0x259ed1fe9f14b29a2feaaab38ed34ffba91f5f5b657cd76b85d90f940c9e3fb3,2023-11-27 10:12:15,"$703,875.59",out
0x1a07e7458bbfe49473fc64aa9ddac297d9e9b674,Binance Deposit Address,Eoa,"704,677.40",0.00%,0x1a054171eb04e6925f4ec974cd23312164448e098990d0e3aea2f5508660ef93,2023-12-27 05:05:47,"$452,760.48",out
0xbc193a1c76cd0e82a19a0add08d148eacaca59c9,-,Eoa,"704,441.83",0.00%,0x831be68d9545a224338987a6068ad5589bb7e8026246c2bfd918c87d7417ff84,2022-09-14 08:11:32,"$44,655.29",in
0x15d7619c8457e2f89ea28c720b1d7941c245d27e,-,Eoa,"703,187.82",0.00%,0x34835ab17a9250135d615da4734325fc083d41fd0d948aee85f82575cd80c816,2024-08-02 13:52:22,"$29,926.59",out
0x3119d0965eb1238a31eb92162e49de1b34d176ea,-,Eoa,"701,098.98",0.00%,,,,
0x6df6ffb450bb3dae35dd03af7afc21f5ada8cf89,-,Eoa,"700,109.31",0.00%,0x1747880109ea2cad748cf2ea7355a5be9bcaedd4d225c195af5b07496e2ea9f0,2024-05-21 06:10:19,"$698,396.15",out
0x294e3faee6e708bb18370a502b2d8c4fee11b71b,-,Eoa,"700,055.56",0.00%,0xc0989b41acd011bfbf9cc0f506cb3cf974452fd50c4622531b1c19c123bb8b36,2023-11-30 13:06:25,"$698,270.15",out
0x15a8be0f3c24d3936c3eb095a308a73965701058,Binance Deposit Address,Eoa,"700,055.49",0.00%,0x82e4f96fe5e8e83cf0a2e509181c9066cdbb03562cbb384e53e837cbf521bc49,2024-05-02 16:30:13,"$85,864.58",out
0x9721a5a442bda850b1f37ae8adb4bc3bae7e22f0,-,Eoa,"700,001.00",0.00%,,,,
0xbd4f3225fb183b889c4f0bda9633167ba12f3581,-,Eoa,"700,000.00",0.00%,0x8b1c9fd9924057ece3912c121c987710920b74d981654010db88a0f4f6f6353c,2024-06-01 02:43:35,"$1,019,237.08",out
0xb1080f7fa28a0f471e5fe57a935bee134e6247f1,-,Eoa,"700,000.00",0.00%,,,,
0xe8b220b74ccef2e047cd068a35a0a59592654299,-,Eoa,"698,715.95",0.00%,0xe0c2f00f3d61e2e15c79dba7b292a774bd205b98225c31a9a4661a3a0d3cbac8,2024-04-17 15:41:27,"$290,289.40",out
0xab724e727b92e95d05236caaec3fa25ebf2a7df2,-,Eoa,"698,182.00",0.00%,0x70eec4d8a974d1839957e6cc5c367efb2cd19c9608521b8ca77d94543f28c4c3,2024-07-30 06:02:23,"$397,378.47",out
0x1cd54755b1d27bdefb96e8d2984a31ea6025e325,-,Eoa,"696,943.66",0.00%,0x9898bba4d3361781622af59b6b9763b7a91702f76d765ac7dd9d8a2acc771607,2024-07-27 17:12:37,"$13,965.74",in
0x49edf965b3670e0504bd41d36455b00b8bcb6ab9,-,Eoa,"695,201.17",0.00%,0x4ebf430a5fc2f2acc1d1f8d6eef58bc5ad9b88d1370ba7ecc5b7224fce0805ea,2024-08-05 01:56:16,"$28,695.13",out
0x6d64e3f5f1bc8962b3d58343b264e3d3d1f9d352,-,Eoa,"691,000.00",0.00%,,,,
0xee4788811549d394a09673133cb36f096cc95d86,-,Eoa,"689,716.36",0.00%,0xb4460d44a4da70763cad372def76008cfbf4d49c0672f39367eba67320385999,2024-03-13 12:12:30,"$17,586.82",in
0x1f1078174e49cf0bbd3ebbf789ba646d43ed4f1f,-,Eoa,"689,200.01",0.00%,,,,
0x7ad365b1f8793f5a0e93d7427d6f961a6c92bf27,Gate.io Deposit Address,Eoa,"688,426.00",0.00%,0x923682301ca1b3feafcfe96f9dbd86442f6c2c2eaffbc203c51fe9b1dee7480c,2024-02-29 13:09:07,"$686,741.42",out
0xceeaf526f97659c081cc17322d3244e6cc6c6111,-,Eoa,"686,140.51",0.00%,0xaa6398a9c95ae1f7dec8260bd3cc794d95dae641da9b7c447758222602302812,2024-06-10 11:16:24,"$22,794.43",out
0x1c3b7a1a4f90c17c06c332a89ea50485d0d287ca,Binance Deposit Address,Eoa,"683,657.48",0.00%,0x1f6f844e1044a6e380e2a7d8f642a5efb6b9d823b12f93570a196e1620b98460,2024-06-17 17:30:32,"$13,638.70",out
0x0057d3c3500bd59b3cf3bfbf241cf60c2ba0a701,-,Eoa,"682,000.00",0.00%,,,,
0x5cc466e2a5760cf3308c27b61eff66a959c06280,Binance Deposit Address,Eoa,"680,449.53",0.00%,0xc8230797df071ab5e252d7c500bc98934039a53c39152ae5457d17f2d2c50229,2024-07-09 06:30:13,"$59,853.18",out
0xad182229368a4634ab61e464c63faf0ae20b9d91,-,Eoa,"680,000.00",0.00%,,,,
0x2a6cd30a09951b3b9f0adc5ba27bc0ad1956dc00,-,Eoa,"678,941.77",0.00%,0xb506f303cd12d246552f6800b5b5613b244a6dc4d58771fd6b9749968a153e5a,2024-05-04 11:28:01,"$10,454.46",out
0x699cab64b8cd88f00ba57d8343bd489bb9413cb5,-,Eoa,"678,747.55",0.00%,,,,
0x637402335d12b5bdcbaeffec9438134ed46fb3b3,-,Eoa,"677,427.39",0.00%,0x88eba8d083e40807f2ef429cba973ed944782877614e860d9977fc9c5a2993c8,2024-08-05 01:57:34,"$338,596.82",out
0x53ea41b3747ce8bf6a615cd12842f9378b5a4801,-,Eoa,"676,798.98",0.00%,0x8a97ff71d27eb7c03cc59bcbbbc0e09f262e0224d379b60a9d9a8582c143ef38,2024-06-20 14:45:01,"$99,755.30",out
0x1bd5f53b00c76d12f87e003a8fdda9321b36db9e,-,Eoa,"674,687.03",0.00%,0x578026d8de1abe969b0abe3ff0aff7277591d548ce0e11c6b07b42d3f5c600ef,2024-04-07 04:22:48,"$1,610,818.48",out
0x19cef03ce74a580fbb77d5dc4197029969469b3b,-,Eoa,"674,520.75",0.00%,0x41a528343d012455ce6df3e3d74950bb89b4fbb38967fe3919b6ac2ab6273be5,2024-03-09 17:17:56,"$28,002.57",out
0xd2a36cdd40d9610b8f30a18fc337fcdc251e7be5,-,Eoa,"673,725.02",0.00%,0xacb77e30834ac309df12c90a3aed9762d47c5f5a34ef48359154be0096049b6c,2023-12-26 02:40:05,"$16,984.19",out
0x097c7862031ad4e850e0e5c8945443ae0daad02c,-,Eoa,"670,759.43",0.00%,0x829c56afa0ca05fdc14b9a07905023efa3763e39606ae8db36e861f78d2b1536,2024-02-28 21:01:42,"$104,596.52",out
0x58225b0ec96f29423c57cdfd6e35edb709f81a5b,Binance Deposit Address,Eoa,"670,000.00",0.00%,0x955ac9b912399cfa42e94c63b0111ab869da826e88848e8d8c3bb5fd623f5575,2023-11-27 16:30:06,"$668,360.51",out
0xaaf997975815ac69eafe731c2df5153d9e4078a3,-,Eoa,"669,362.50",0.00%,,,,
0xd7d4ff9cdcb12ecd07a428ea43d26893d0c9b0cf,-,Eoa,"667,673.41",0.00%,0x2ac5121cdf208e3a2baece3041030c4315541e4d351f9a43e36572af200c3c81,2024-08-02 15:03:03,"$378,445.10",out
0xb884ae677a33762d05372613a6ecedfe1154bed6,Bybit Deposit Address,Eoa,"666,039.53",0.00%,0x55eeb053ede964682fe7112628e9adeccb1e67a0a60d327c1c2cc6c46f8a212d,2023-12-13 08:55:05,"$99,725.05",out
0x179755e1b74fd8738e77388337a738d774e3b451,-,Eoa,"665,987.93",0.00%,0xe130eea29ad2efda89eacb45f8d4a27101a2686287acab5f75f0fb3f83e583a0,2023-12-28 09:37:07,"$25,079.89",out
0xc9d69e9fdcc2f9930fc4865b5760671ceb4a1fab,-,Eoa,"665,844.12",0.00%,0x81c19cc8eb91fa1b9c20fead42dabad95614db4ba5287871f428cedff5c5f8fd,2023-06-10 06:41:47,"$21,859.78",in
0x7962021aff54f4e7bb10f02613afb9b71ec5edd8,-,Eoa,"664,437.69",0.00%,0x5b8470cbd90543b728ad29a8a8652d9eab6c1925d780ead95e1952d3f0d54d46,2023-03-17 14:07:39,"$13,570.28",in
0x02dd8d88754be283970841c66592d3ae3020fc7f,-,Eoa,"663,856.00",0.00%,0xf04004e797d7c579c1b1d0837a5f7106b936325454c1171b6843d8064163d80d,2024-07-13 06:37:41,"$210,349.03",out
0x8a3ccbfe342a15fd63b9c24d712b292fa830699c,-,Eoa,"661,509.21",0.00%,0x0351771f134efd89e1ca5ac39b2727fe4f8d4d9da135f470743a7f16479a3cda,2023-11-26 16:55:03,"$22,355.63",out
0x27062d6b82b988ba281364639ce2103dba54aad5,-,Eoa,"661,509.11",0.00%,,,,
0xb342e8a3cf83eb2b4ec6d31a547e76c39dd0eb11,Gaoshoudemingzi,Eoa,"661,197.22",0.00%,0xb0720719181dae34e422b643b485b859ae9e0ea593742f565dabd1c59150e8bc,2024-05-20 23:11:45,"$847,920.06",out
0x23a977f0973ee5d5bbfe40763b13243f9ffd0e74,-,Eoa,"660,472.65",0.00%,0x371f78a89260fbe9c52a1a6e3846858696f69621d82546694b49adf43ff76beb,2024-06-20 14:23:56,"$199,510.79",out
0x3a5988334501701d9b54b0ca6e7adaa682dda51b,-,Eoa,"660,450.00",0.00%,0x6d969beb4268c4c7f2503d7a2c4ec4a367a9e6f43ae077ee865578e01ab32e24,2024-07-11 18:31:50,"$24,938.83",out
0x52748c875e181e8c157a2cc3ae344c78969001c0,-,Eoa,"660,107.96",0.00%,0x817da5fc8f01826b36f94ed5bd6ce9d6acd9a8bcc24fa3745f302db88e5e53f3,2023-11-29 10:20:49,"$39,220.81",out
0xedb62143c048cb3d5ef65e4b33141ea2447d51cf,-,Eoa,"660,000.01",0.00%,0x5abeb499ff9eee49b1c7c573d2394b56c99847cbc6bb83a30ee265e9c6180a3b,2024-08-04 14:30:49,"$159,608.48",out
0x7239fb3a4dcaf7772840e08734dd01454281a0b2,-,Eoa,"659,775.62",0.00%,,,,
0x0e6393c9d0d789dc927c8eef1c776b9f7b53d82f,-,Eoa,"655,493.09",0.00%,0x65234bd649f5f3102bf4eb1d238705adda3fbb0c0559938e2e34e7764c4f98f2,2024-02-07 03:00:09,"$80,790.95",out
0x6f96042e6064ed5025b13a5b5b51702942cae537,-,Eoa,"654,138.27",0.00%,0x48f7d8c1b4a02b20a05921a7c33233dce8b993136e0e2dc2972564827db6ecfd,2024-04-18 18:52:02,"$652,536.61",out
0x163d5ea5bfc984c529fb7777d67a1a368dc44fd7,-,Eoa,"653,776.17",0.00%,,,,
0xf13698db85cc93434d1291312bdad364b1423719,-,Eoa,"653,758.33",0.00%,,,,
0x286868b9350b00cfbc2877235c8460a34a8541ff,-,Eoa,"650,563.49",0.00%,0x901ec05037b73fff1931a09b396f9ede85a945b5d44ae40d7bf13cf851d18730,2024-07-09 10:18:00,"$107,403.54",out
0x02c9bb16372eaa7b02dfb7554f3cfa124408b71e,-,Eoa,"650,001.00",0.00%,0x2dfa35f9824f4d03a6310b9f529c549f5fb5120675b75f435d4309d19eb02a3e,2024-08-04 17:37:47,"$49,877.65",out
0x20f38df1a1504dcf528849c07f09ac842ceacbaf,-,Eoa,"650,000.19",0.00%,0xf045aa3ebb76a2c530be60c08513f54123187b1c592ec4ac0568e472b37daf16,2024-08-05 01:27:13,"$698,286.90",out
0x7ced83f9f51c9259464010825df51646ff623e65,-,Eoa,"648,640.87",0.00%,0x380a3bc9cd68d2a885f4e629817922a51b884527ccd8ee86320df9c73b99d70d,2024-03-26 12:03:57,"$11,858.91",in
0x81b3ab03141f260451e45e673fe0adc01005cb0b,-,Eoa,"647,619.69",0.00%,0x602bc602e33ee674e6d7e8a3f681964cc13c5148fc897cce901bcf0ecba0dfa7,2024-08-05 02:23:12,"$19,951.06",out
0xe833dfbc5c88ceda2f164c960ee5125426694876,-,Eoa,"644,531.10",0.00%,0xd6df8bd5d7421c9599fa69a08d3aaef39b3201c5e7655d92da13f827b5d8d3a3,2024-07-01 05:45:48,"$12,931.74",out
0x30d5f4340331e4217f01f588927c615819f2229b,-,Eoa,"644,295.46",0.00%,0x2054f7c172a074ea0696d11787b788b35f4a45f0cbe3ae60e04a75ec72eecb62,2024-07-22 00:34:31,"$19,938.09",out
0x131c3508fd4c2ed46182ea27378d930023b6b074,-,Eoa,"642,908.94",0.00%,0x002954848ae16eec9013d69f4e621d93405a8522f592662ac5f4f0f5dbeec0ec,2024-02-29 20:22:01,"$658,433.66",out
0x50ee82d45c5ab8ef0857cef435ed058fa7a1e70c,-,Eoa,"640,818.65",0.00%,0xe1cc3ddc75460f26a76bf4bc61323856d3dfcee7342ae33222446e1b279ee4c1,2023-12-14 23:03:01,"$42,775.93",in
0x1f20a9724bcf4cfbc5839811e95364b2c818b82f,-,Eoa,"640,280.71",0.00%,0x309e198dcea671e4101bf36af6000d8abb066a00b392a5ce916f511df1089701,2023-11-26 03:36:14,"$638,713.95",out
0x2ea4fe4f6e0b4b284b84d51d77013e8a39498df3,-,Eoa,"639,214.78",0.00%,0x98da222af8be55b27e5d854c8dd751fcd0b147268395bb4bca5cdd5c5061e04d,2023-12-09 01:22:46,"$154,620.72",out
0x64c5b4330106d62442d1ec54f7f1ef7d2aaca005,Binance Deposit Address,Eoa,"638,577.87",0.00%,0xde1bd78eb9c194895dce881093796232053ef49bd821d3b1f24bd047d24ced34,2023-11-26 04:00:05,"$639,179.33",out
0xb1f57218580cbe3a3d7522d69233f78212225c00,-,Eoa,"637,604.18",0.00%,0xfd515e9c3ba685871bc206a06622b409095fdf1557100be6d578d5cb27acd574,2024-06-25 13:26:54,"$52,860.33",out
0x8264225ab0840ed4da64110a4d3a95d8fd0a038a,-,Eoa,"637,394.33",0.00%,0x2bd4c5f3a44eab6f7cca9e0aa7b0590f5fa9ec4565692478b603cb7902826643,2024-07-17 19:25:51,"$27,546.22",out
0x993c7fe57f687ff64dbb75a52e3e2bf04684ef17,-,Eoa,"636,148.38",0.00%,0x758b54131ebcc1082b5de8e753c62531d13bcddd3c5e98b970df72b7152bcdd8,2024-07-05 07:34:10,"$135,815.24",out
0xd4b8978dad13053cb62accbc2b2d79d12658a1b3,-,Eoa,"636,011.71",0.00%,0x16d4e5bf410e2ae2557ead031be68871d717e8604882c169e68c31af5507d1c6,2024-04-17 00:57:19,"$64,840.95",out
0x540bd8a2df0f806466ac13b823e5758d308cebfe,-,Eoa,"635,300.02",0.00%,0x451ce498ebabd452ca7df3d2991b32005e7ec2b56b6eecc314e8fe55eb6ad563,2024-05-27 05:13:29,"$14,365.26",out
0x4e50420e2860ec673ceabd8255feb6428305dab5,-,Eoa,"635,228.57",0.00%,0x8b51ab77b2702105645c0906b4c16ee24e0235c812293622defdaff51778e38b,2024-08-01 23:31:15,"$33,917.60",out
0xfd3240257a6f45ebb7b1eef880b777b9dc0db671,-,Eoa,"633,900.15",0.00%,0xf51e8448f09f1399ab3d68a8174d9243bf785ca10929fad6469e27810844c626,2024-07-01 03:19:10,"$10,695.85",out
0x24190b8c88007e2aa9066a5509078ec721aa69a2,-,Eoa,"631,708.57",0.00%,0x387235a44a4e063930d33b95e71aa93d5cf54f93be7bdb93ae20dfaa8be9047e,2024-04-13 12:50:43,"$2,260,468.70",out
0x7e18e5300cc513c2da5a9a1355761f8e3b7c10f7,-,Eoa,"631,142.29",0.00%,0xf8949652f8c5d6936f478051c8e4045286dd64ca57c927c390103df89886bb0b,2024-07-06 03:29:43,"$32,819.49",out
0x49a6853d45e61b66670ee83bae16e63cc65b5822,-,Eoa,"630,015.00",0.00%,0xdd2faf167b8cf381bcf7318993b2ee45630af1809bb2be351e130d6335ca4bab,2024-01-10 13:00:33,"$37,489.64",out
0xfc7b466bdc870311a2a47599b55d105f1e513b77,-,Eoa,"629,190.09",0.00%,0x33521603712113becb786a82067cbea4cd5e5fa8b4fe909a8b5ede8110f1bdf7,2024-06-03 08:35:49,"$14,963.30",out
0x3110d8a487e8085a6098010bdb3c64b76fc48e56,-,Eoa,"628,000.00",0.00%,,,,
0x9af35d6447624587e7ccccdaf9e97aa3c8a89755,-,Eoa,"626,667.70",0.00%,0x80ab8c133665cae90f09403098151a47c9c8338eed19cf36367c7195cea2e033,2024-07-29 15:07:07,"$19,950.76",in
0x0422bc21150e771bb6fe2873eb77d1a450024072,-,Eoa,"626,591.14",0.00%,0x9c07a229b0297e7628f4e1534003e3503a42610aa36673ec9c35aa0eadd18f9b,2024-08-02 06:21:59,"$19,951.06",out
0xe83894da0d56255534850635594dee84e0659353,-,Eoa,"626,484.01",0.00%,0xcadb9eb6fa932f66c6598ebaf7b10ccda6c7a383f35a8a86aa78b9d57db6aebb,2024-07-05 14:37:47,"$136,352.25",out
0x92ad811f2eb3fb3fcf7e9b0b96e7b99c11d3d5f8,-,Eoa,"624,986.01",0.00%,0x78c99d0371e124ee7dca519a6cd8c372684049fe09ea50c2e438f601e7516075,2024-07-18 17:51:40,"$249,388.25",out
0xd061c2375edb8f54f6e8d9f38cab42e07e3e264b,-,Eoa,"622,095.00",0.00%,0xded741170c4aeedf2ba2c5f893ba7c3c79d3f08fad2364e3585f9818dde223b2,2024-08-03 01:30:25,"$153,024.13",out
0xe60bdfbdbb7504f3122e669234d717b480503b06,-,Eoa,"621,098.32",0.00%,0x9ab4a5258043c7ea61a750bf6fd52d94cd811dbba157780d68c1492c6fe31203,2023-12-08 20:50:40,"$36,935.64",out
0x13684ffa18693ec4b1793f60c98d1c34ad04ef5e,-,Eoa,"620,399.79",0.00%,0xbdf5475af7b54c3949a3c896766f695d88091165fc3b768c839d37bd51e26446,2024-05-26 21:50:17,"$477,258.15",in
0x1bb191a6e8fa6e89a9a3b78711fa49f7a20ff5fa,-,Eoa,"619,983.46",0.00%,0xb1264cdcbd883db75840713d734949a2c1d79cf91ebf784ce02cd2fbe89eed00,2024-06-26 18:32:10,"$59,853.18",out
0x2bdc9fe9337da6c6f65895fa4dc872f86b1f4916,-,Eoa,"619,795.22",0.00%,0xc0cca1a4787af9701a464b6b10c2a0928b3e6f0b4dcd6668f78fb2b8aedea019,2024-06-04 13:09:52,"$169,379.74",out
0x96aec43cdd22fd496e52745f7bb1e881b93df8e7,-,Eoa,"618,370.46",0.00%,0x77dbda000e201a4437de8d003c64e8d3d572eb84e27252767d2d063edf0e4851,2024-04-15 08:26:13,"$637,935.14",out
0xa9f62cddb642a28375cf6dc10130a00e8c6544d1,-,Eoa,"617,878.25",0.00%,0xdb80492b20576de2125b9e9837cebbc5b70861ede06c9752ccd72de5f7e5737a,2023-12-30 12:56:30,"$10,334.65",out
0x0523914232ac5947390c4806241404c36d215f27,-,Eoa,"616,891.10",0.00%,0xfb02d60daf494ac3424d12d6f90b3d5f9b62809c6ad33297a38f9f507ab1ccc4,2024-08-01 06:43:26,"$27,852.68",out
0xefc6bc3dc633b5c4ef54af0c3b93f1a50a7daa54,-,Eoa,"616,195.45",0.00%,0xf3256a87b3f35383a4d9167fb5b5ba27be1f01aaa6bad5166deea37ef9830cd8,2024-07-12 12:20:05,"$11,664.19",in
0x1946cf00d88f1f4d6e8bc5ebbe8335c21c4c859c,-,Eoa,"615,430.62",0.00%,0xca4b0122d15aa43cc453f1b02da62194928ea9aa0eb150b9f96102f63df7d620,2024-06-24 03:33:50,"$613,924.66",out
0x05dd3ebba5ba853f428c5056190f0e84d990e7b4,-,Eoa,"611,697.77",0.00%,,,,
0xbe626a13c172f64875adae546687f643e2b81167,-,Eoa,"611,224.84",0.00%,0x41d6549690013654d0cf9f5a569d633d439ef8a00de7a483aa6cbaf09c59effb,2024-04-30 05:14:00,"$85,983.26",out
0x0e183561b298993865b0a15aa1c3cf14c01890ca,-,Eoa,"610,391.77",0.00%,,,,
0x038b1d375e1db718ab2b15a0bb8d001390af401e,Binance Deposit Address,Eoa,"610,000.43",0.00%,0x81005cc0b963367267b6eab40d1fbeab1e6a215a2126e8d7d06d74640b8ca678,2024-02-08 04:30:05,"$1,510,502.67",out
0xfaa0f5affd892456c5a4bba59a69c4e686597951,-,Eoa,"610,000.00",0.00%,0x5d83faef190ebea6e4b2b260bb592f6c083ce624381112b5566c04ff553ece52,2024-06-09 03:36:14,"$608,497.35",out
0xeb69b2c6b99dbb3945e71a2a3b2fbb4099f435d6,-,Eoa,"608,566.56",0.00%,0x9fc316ebafb10337182760940e705640ac4963d9387cffc69d79183ab7ac154a,2024-02-22 23:21:58,"$307,811.56",out
0x7d53fad5d95e96a04332e4e992c8eb42db8d8941,-,Eoa,"608,296.76",0.00%,0x4de486eaaef03e4ef4557ba47527d6fe5ba541af1160d32579c4a9c55f326158,2023-12-14 11:25:01,"$27,842.29",in
0xd55c79b098fe2750fabdf43faa149f61fe7d5b45,-,Eoa,"605,267.71",0.00%,0x9c7862f8f8e8b3de0dde3444bed2b97fe5f0cab62fda8146501917e615c5a780,2024-07-31 14:58:22,"$540,529.08",out
0xa20f10289248717374e9b7776dc368aa526cb6f2,CoinW,Eoa,"605,235.57",0.00%,0x8dedfcd5407311552e74b22fa9de01ed2bb74f8d9b948757094273b456e56870,2024-07-02 20:01:02,"$49,877.65",out
0x0f9f949a30b97c42ace87aae6f24ee2607003e37,Binance Deposit Address,Eoa,"605,191.54",0.00%,0xc5fffac327e990373509fd02dfa859eee56db8ec92cabba970f66c22fcf769c4,2024-04-13 06:26:31,"$695,800.72",out
0x0544de57e2cf2828ad2d763f2d87fbe2ca629778,-,Eoa,"603,465.30",0.00%,0xa03d652e19379d3d24a585431f7795526135036ac92c0cb37d0f920355f820ff,2024-07-31 08:10:57,"$350,275.97",out
0xc70a7a96333a30218ccbaf7d491ca78c9c093d5c,-,Eoa,"602,481.25",0.00%,,,,
0x81d8fb88ebb2acf2090404f6ba6707ccea527f49,-,Eoa,"602,463.68",0.00%,0x322ccb2c2cf70b25a1c745406d832cfbe84f9ddf0f937a3e6954d3c03d78b7f2,2024-04-11 02:34:04,"$13,466.97",out
0x740af4b7c4507bbf479daae2404c3b3b38c332de,-,Eoa,"601,270.05",0.00%,0x77d286ffde07af930e240e6d8f3b4d2baf7e49ebb4f05f03c468182dbc1790c6,2024-06-17 10:24:00,"$19,951.06",out
0xc4dae0492577d433051a426d688f6bccda9be5c0,-,Eoa,"600,309.99",0.00%,0x4f435fdf7fa362f46b42453337ce9da5745bce57ac2db17b751d317fa56b0d1b,2024-05-14 19:54:22,"$199,510.60",out
0x02bf15a237cf847df51b0af14d7b5c89c49f7c6e,-,Eoa,"600,008.18",0.00%,0x83d1d0a75f6d2bfd5f0a307143be797dddad67c22a899b6221dae5ccb82b5774,2024-05-22 15:12:21,"$12,200.07",out
0x591447764bbad2c5645361ad9f0d8cd6fa08cdb8,-,Eoa,"600,007.56",0.00%,0x109f919b8b31e71bb8281bdfe5c14a55a2d039d05f3368ebea68b1e8aa4b08df,2024-01-16 03:16:57,"$49,278.60",out
0x3af510877c254858ae89821b8604832e9ad422f3,-,Eoa,"600,001.00",0.00%,0x103a34efdbb35fc6291f100d653ae99568fa2fea9b2c63fc40ccc99ac7b3a56b,2024-08-04 17:02:19,"$99,755.30",out
0xc69fd5a774d8d9e59355d4daf83d80d8648f70a0,-,Eoa,"600,001.00",0.00%,0x5cd118e54a5a98946db3944909868d5cbb598c75e141e46cc01c3dad5d37b446,2024-08-03 05:06:27,"$299,265.90",out
0x30c507327490e988ec38ff5ab083e78b37d64b13,-,Eoa,"600,000.01",0.00%,0xcfdcb86cdf5af60a37136f56fdb02484467d6ad986ed88c5de3e40435306c773,2024-05-17 08:17:13,"$124,169.60",out
0xa22e726e3d0ad73df1982e15e3223effda0dade0,-,Eoa,"600,000.00",0.00%,0xc3b4b767a86f5a5869db07d44fd8f89a030add39b32bbaaf8d3d029174501c23,2024-04-10 20:42:18,"$11,083.92",out
0x7d0654cfa7f93e636f7a25ba3f99a33db63b14b8,-,Eoa,"600,000.00",0.00%,0x0f7bed4aa6c939512c14d8f0cd3b078a22c22bd0fdf5faeaea3653dcd4727dc0,2024-06-16 06:50:26,"$294,278.24",out
0x92f9faca0f98c073a6da0524e4f73706ffb26e8e,-,Eoa,"600,000.00",0.00%,,,,
0x38fc12819b6b68eac35f0e3ccc41a8a0d4c09219,-,Eoa,"600,000.00",0.00%,,,,
0x75a69f2b24eb256581190d7504b441bcc30fc2c5,-,Eoa,"599,720.73",0.00%,0xd4d66581c0c2e411e5638f3fbe13f35d08acf898380f22aaf2c178355405bd4f,2024-04-02 08:38:15,"$19,932.47",out
0x5c0439493ce0ea2a424d7a225dc242dc186af7d1,-,Eoa,"599,642.39",0.00%,0xcd81f6007383d62b6abff0bb914ab49d53db65dcece511689d678973d04151e4,2024-06-23 18:20:22,"$197,844.53",out
0x30f103c08ca76d36e26a09a5ced4991775f4ecf8,mexc-com Deposit Address,Eoa,"599,004.33",0.00%,0x647d3264d637ce6e1638a9b56c48c0dbdf436565c56deae4d456accf9e268242,2024-06-25 13:53:19,"$14,963.30",out
0xa35bacef9df9551f16c22b0c3c292b358ffb38f3,-,Eoa,"597,849.28",0.00%,,,,
0xb80cd7b5959b41f0990433af1d19d70fc2309fcd,-,Eoa,"597,273.16",0.00%,0xec9636b0a9099c033b474cfd9c635669bff68192090d3846a6fe852ac60e8a03,2023-05-22 12:25:44,"$30,162.95",in
0x91d4feb0451254b8024d03d09d9b62a1a2e38e28,-,Eoa,"596,461.17",0.00%,0x1d92798768c368561bc7b40b312799298f39fa50ae5dab83a5cc3cc5dbc2088f,2024-08-04 23:54:29,"$36,928.82",out
0x594c7f6084beb40f73ab3791c53134865b9ee42e,-,Eoa,"596,272.54",0.00%,0xccbb0de7b563cf5d43b3bdc0152444dc24479ccd899fd60f4b86c2d8f5ce565c,2023-12-04 08:20:51,"$29,377.22",out
0x43305382781d9ad351923b8748da7037a160f677,-,Eoa,"595,323.12",0.00%,0xf6e127a0290107e1417763c9fee3e3472b03ca76546d4a03aa938a6675b2d7c8,2024-05-06 13:41:36,"$21,695.09",in
0x77f45dcd5319a32019a289f9c948bd72edaa4a7b,-,Eoa,"595,200.00",0.00%,0x3cfdec3ada60173f3a3a094130d416179b742fefdbc92b85ba1be746623d0b38,2024-05-22 07:12:23,"$593,733.57",out
0xa21e619cf029ed17dc840cefe5328938f98ddcd0,-,Eoa,"593,233.74",0.00%,0x1252075afa683d233ee2d26dd15e7f0e4054b1e645678ed669092c4252485dbc,2024-07-30 17:07:19,"$10,973.08",out
0xf7cf2bd554c4b850fc8587e6debd56dc6c78a4ec,-,Eoa,"592,941.46",0.00%,,,,
0xc25fb7b60d6e8722707749247471c1034eb7ad10,-,Eoa,"590,000.00",0.00%,,,,
0x787635802408797a0f800e4a0fd03f4aaee262bb,-,Eoa,"587,157.79",0.00%,,,,
0xbeea65f05d1d7c05368d2d0b3c2c8537af62e2a2,-,Eoa,"586,051.44",0.00%,0x474ca87f071ef217c628d22e115ccd8105c0936d79e8d7df22a7c16a1a20b8fc,2024-01-15 13:26:00,"$18,877.69",out
0x29b870b3f24fc26d9faed0b8bee5f2d68c577bdb,Gate.io Deposit Address,Eoa,"585,999.67",0.00%,0x5139c8b80a3e4a1fecaf3d9b961fc6ead6d9acce328699549891816e5d6da398,2024-07-25 04:00:32,"$2,493,882.17",out
0x4512b6974eb88c02cda732e011a542c405c8e3cc,-,Eoa,"584,031.00",0.00%,,,,
0xeedf0e00fe54828a2392c0583abb37f308c66e9a,-,Eoa,"582,993.88",0.00%,0xbe39b3ec5abad9ee57e410d13001d200ca795456ed0c74d088351330a59b4688,2024-03-18 23:29:54,"$379,071.02",in
0x70ccf6ab8c082c745c4a9ac71e64388d8bffed10,-,Eoa,"580,000.63",0.00%,0x4b6da2fb518819786b7d7323c20c78e75797c41587d8649945811625963ca3c9,2024-06-22 10:56:37,"$87,784.66",in
0xd81a1ba64b7df1c4ecb4f0aa018dd950a4a27fc8,-,Eoa,"580,000.00",0.00%,0x0278d87ffc1db79a32e0a26b2541def51c6ee761923886a7f8042e00c7c683db,2023-09-01 19:31:48,"$99,755.30",in
0x46a76ccfc40287f61e767c1145c76b3b7afd9569,-,Eoa,"579,577.39",0.00%,0xae039dded9a7e21b7c5d1d5aad5ba627d855d367b38abc70cf50764cdb6e2db9,2024-05-14 15:07:00,"$99,755.30",out
0x868f027a5e3bd1cd29606a6681c3ddb7d3dd9b67,Bitrue,Eoa,"579,046.83",0.00%,0x0f7335a7867fe57657876dfbadf2930330c6f57dbd570c76595255f2d65bde0e,2024-08-05 01:37:46,"$89,777.77",out
0x0099159ca61523dd04b04ddb04b92a8617023295,-,Eoa,"577,956.73",0.00%,0x08c406de59a8075cf62294cda0ab7a1247e36c3275607a8b99a024e7697baccd,2024-07-26 09:26:35,"$19,831.35",in
0x555a5b71ce4a04fbdb42dee6f4baf236c7677660,-,Eoa,"576,192.40",0.00%,0xdbdfa73e62ecfe97dfca349c480b3a5082585cd6d4248943e05622908cf3ea21,2024-03-07 03:45:30,"$98,757.75",out
0x773049d92329da839daab43d9de7258628e147a2,-,Eoa,"573,670.17",0.00%,0x9178229c222de33aed2671a0625082202a63a4484a9a1f4d488b09eb531777ea,2024-07-31 07:54:40,"$199,510.60",out
0xede3d3d527c171c6c18e214eacfeabbe5f4b335e,-,Eoa,"572,417.20",0.00%,0xca3e6f3d3dbf859fb4210405abbf3cf41fe99ca7648984d279ae35a1afb8eecc,2024-08-02 08:46:20,"$19,951.06",in
0x848b87d928bc1fbcffed7e301bbe3b9b0272c032,-,Eoa,"568,290.18",0.00%,0xe0b98171653f9ab6ed0a41ed9a75e7ac87ff3e4b4267935ca71e583e48c95958,2024-04-15 00:14:34,"$19,376.77",out
0xf3584103f3a23e68fde5ca4cfe753aab1a8062eb,-,Eoa,"568,053.05",0.00%,0x1b056ed309f4bedfc6578345155ccef96840fc48db6b9be0d19401e510cfd745,2024-05-02 14:09:29,"$14,464.52",out
0xe90598862b52cf1ab731cc1481766fc5ca44c824,-,Eoa,"567,890.00",0.00%,0xd2d2ccf5b48d743f54bc6ec70f7cbd2a4e5f0d1e503235af74399be1146921ee,2024-08-03 22:29:40,"$448,898.85",in
0xa9cad701aff7b412dd2ce708a9e21465c37560f7,-,Eoa,"567,402.54",0.00%,0x9fddaed65ac82c66e83caf4e771f38a88aa005bc7a45c60fe4540a33aca4f9b1,2024-04-22 03:00:44,"$49,877.65",out
0x6f48ce755c458fac12120f250cf7cb9f7d68b679,-,Eoa,"567,372.82",0.00%,0x726d931b3e9b26b6331d789c1b45d223718aaf62069ce314351ef44bde0da89e,2024-06-06 14:17:14,"$993,158.54",out
0xe20f8035528c4c20a422fbd9582a6b8601e13720,-,Eoa,"562,911.92",0.00%,,,,
0x3297802e7999bb9f39e5923e4ec2b730b24ce1a9,-,Eoa,"561,508.21",0.00%,0x00b8adc6191fab718543aa0b8fd8393da6610893c258bfa1269a76d33cbeb9eb,2024-04-09 12:07:04,"$14,963.30",out
0xa67efb69a4f58f568aab1b9d51110102985835b0,-,Eoa,"560,780.16",0.00%,0xf9db508f4fa5b799dc24dbaef19cdf651027260420291750b4885c74ae51fb31,2024-06-26 13:29:28,"$498,756.55",out
0x73d08b82fa789721fdd1646a4b5cd09c79983bad,-,Eoa,"560,050.00",0.00%,0x51f1ed077376361b4ef23e997ac22ed9ff1b64b08d3b21c60f9a7db5216edbe4,2024-08-01 14:11:39,"$498,776.50",out
0x2eee424766bfc3304ca96a9df6047901f1baae10,-,Eoa,"559,559.56",0.00%,0x74e441347d07c058e9e185155aceb84ef995530d98ab403a846099988a086b92,2023-12-01 03:16:26,"$39,633.26",out
0x8a57fd9f5c04a5b30df23908a56ce5310147a86b,-,Eoa,"559,317.93",0.00%,0xb856cee20f78338c92bdaf73fdef01f825772ce27fe89e72b9595589f4fe7aad,2024-07-31 00:59:25,"$12,469.41",out
0x6a1d661e428c72b5a57ca56b5f9d7757784e9a8c,-,Eoa,"555,392.22",0.00%,0x977925bec6c8907028f6ab6c5f42aa42eaafac944fda2c4d1beaf77c60d906f1,2024-07-11 11:43:27,"$10,494.94",in
0xed6188c425a4c96e0728732bec94d28bcd044a08,-,Eoa,"555,360.73",0.00%,0x9aea50e670e4f34002463521b74087f6c054e2b58d237821ea10207adaccaeda,2024-07-31 14:52:40,"$149,632.95",out
0xc58bb74606b73c5043b75d7aa25ebe1d5d4e7c72,AltCoinTrader,Eoa,"555,246.54",0.00%,0x418804b898461193489b7e232208f53e26788411673362be349bf6c3b5962432,2024-08-05 02:00:19,"$19,622.93",in
0x3c0a3d0fd702f07dab54feb901c83830d6f9ec7e,-,Eoa,"555,053.35",0.00%,0x048ab81a6238fb7a6087314a9a27b81c1796d8996f9de740d80f8ec7e3fb598d,2024-04-08 05:07:30,"$73,373.71",out
0xe1844dbdf89b67001895cfac252b2ae767241dd7,Binance Deposit Address,Eoa,"554,663.40",0.00%,0x48f2a03e2c8ceac1d6dc432b650cf53df694577011a553a0603250cb18c908da,2024-05-27 03:30:05,"$748,165.30",out
0xbfa9b8a4a1e5c54a3ad9295df42e4a77f446786f,-,Eoa,"554,227.38",0.00%,0xca3c7350160df47d166011b81221c51877564b046b400d2cf1bf508bc10291e6,2023-06-04 06:33:37,"$40,449.96",in
0x7033b6b93697c1c7c304255ba159c0d333e1c71e,-,Eoa,"554,158.97",0.00%,0x309a8090942e3ee22c5e2534d6d4b5056cf135240c95173479e654c070822a21,2024-07-10 00:05:44,"$53,867.86",out
