Address,Address Tag,Type,Token Balance,Percentage,Date Times,Txhash,Value (USD),From,To,Transfer Type
0x57757e3d981446d585af0d9ae4d7df6d64647806,worthalter,Eoa,"19,820.73",0.71%,2023-11-24 14:22:35,0x2790d0022df110fd2cc3f2955fb153c60c1f07720b547383931a2e4992db1081,33226.794236,0x72ba1965320ab5352fd6d68235cc3c5306a6ffa2,0x57757e3d981446d585af0d9ae4d7df6d64647806,in
0x6b44ba0a126a2a1a8aa6cd1adeed002e141bcd44,-,Eoa,"12,077.40",0.43%,,,0.0,,,
0xb1c33b391c2569b737ec387e731e88589e8ec148,-,Eoa,"6,180.49",0.22%,2024-07-10 03:02:23,0x8183db87e201923efa3b36bce72745f406e729dc994a46a79bcc811a30fb44df,3883099.54,0xb1c33b391c2569b737ec387e731e88589e8ec148,0xc772bdb4588414d8401ab90aa9da084eb52e7475,out
0x4a18a50a8328b42773268b4b436254056b7d70ce,-,Eoa,"3,500.00",0.12%,2021-01-17 04:09:52,0x10e10d5557ea3315b53323352e6822aa7a6c9c7fd8bc992f8bbbb38b511d998a,9066610.0,0x821a96fbd4465d02726edbaa936a0d6d1032de46,0x4a18a50a8328b42773268b4b436254056b7d70ce,in
0x1ac296547248ba59a39878b2f8087bd75762df5d,-,Eoa,"3,302.96",0.11%,2021-08-04 03:55:55,0x4e5f37a1efdc3fd314ac1beea53ccb2c01d70dccee1e0c85c31efcde5d444ba3,8556192.76798725,0xbe89dd352bfd244e7abdfb21da0d4ae85bb047c6,0x1ac296547248ba59a39878b2f8087bd75762df5d,in
0xd3a7e3c5602f8a66b58dc17ce33f739efac33da2,-,Eoa,"3,000.00",0.10%,,,0.0,,,
0x4bb7f4c3d47c4b431cb0658f44287d52006fb506,-,Eoa,"2,833.41",0.10%,2024-07-05 05:37:11,0xf3214985d2e1d93641ca315bd48ab438e79a52e1124b5c9b688ac133f4fa78e3,2182388.524076666,0xed1c5086be9c5126847ea437d90484d3c7934338,0x4bb7f4c3d47c4b431cb0658f44287d52006fb506,in
0xce0adbb76a8ce7224bec6b586e18743aeb03250a,-,Eoa,"2,550.00",0.09%,2022-07-28 19:33:55,0xa3f87b47295e73b25fb73439b532b212ab7bc31b863a7afe0cc7d80d1ef306bf,518092.0,0xce0adbb76a8ce7224bec6b586e18743aeb03250a,0xe3c32772636266037c6c3df44378b7e6b08b7208,out
0xa4bc88024149740e06d5f686060f61be58b4148c,-,Eoa,"2,488.02",0.09%,2024-07-27 21:42:23,0x09559ce6aba23b17995e8585e9a4934fdaa0fdfd13b0888db62d532a967d8dcb,26159.9655780761,0xad2835fa251cc755727e84d16b9709ff80b0b5dd,0xa4bc88024149740e06d5f686060f61be58b4148c,in
0x821a96fbd4465d02726edbaa936a0d6d1032de46,-,Eoa,"2,472.11",0.08%,,,0.0,,,
0x4b7feceffe3b14ffd522e72b711b087f08bd98ab,-,Eoa,"2,459.00",0.08%,2020-09-28 18:59:48,0xda6f2f0f39f716845aa372a4d994c37f090074ce08dd838b9e41b19b6fbb9680,4374992.883827698,0xaebfe1e1bd01d4b6baf4b998e7b8dc93182d40e0,0x4b7feceffe3b14ffd522e72b711b087f08bd98ab,in
0x2e40ddcb231672285a5312ad230185ab2f14ed2b,-,Eoa,"2,284.42",0.08%,2023-06-18 07:28:23,0xb5acf21b02a578558dac4e0a522c0567398a2e77fe4b567775ff759b322a060f,5917704.077226676,0xbcecfcf6c078f4af97df444898c0c96836329838,0x2e40ddcb231672285a5312ad230185ab2f14ed2b,in
0x59d779bed4db1e734d3fda3172d45bc3063ecd69,-,Eoa,"2,125.46",0.07%,2024-01-26 07:29:47,0xbd9dcbd6e4d1868e0acae0752a217c3be2fc398e62b630c324c6742e40118ee0,5505932.748065886,0x2dfadab8266483bed9fd9a292ce56596a2d1378d,0x59d779bed4db1e734d3fda3172d45bc3063ecd69,in
0x894d55be079e7e19fe526ac22b0786b7afe18e7e,-,Eoa,"2,055.76",0.07%,2024-03-28 21:08:47,0xbe5a2381d91791bec79661e4e8617635e6c2e09a81fa0d927e470b1a3504e8c2,65302.958896361924,0x0000000000007f150bd6f54c40a34d7c3d5e9f56,0x894d55be079e7e19fe526ac22b0786b7afe18e7e,in
0x9359ecf077186d4543bd53bc3528da4a80938c79,U.S. Government:FTX Alameda Seized Funds,Eoa,"1,933.52",0.07%,2023-04-17 13:36:35,0xe25138835b2ebb3f7e18c92e2b3d095993ba1394cee6e86d1cbc1125f59beb58,86874.2696449926,0xdfd5293d8e347dfe59e90efd55b2956a1343963d,0x9359ecf077186d4543bd53bc3528da4a80938c79,in
0xd1668fb5f690c59ab4b0cabad0f8c1617895052b,-,Eoa,"1,890.00",0.06%,2024-05-21 19:22:47,0xd0a84b6788e4bbc4cde51cab8f0fb4716f8248f65c9309687d2911d7afa20374,543996.6,0xd1668fb5f690c59ab4b0cabad0f8c1617895052b,0x8d8404f8cca4c8834ca3cab1e54887ae47724bee,out
0x25431341a5800759268a6ac1d3cd91c029d7d9ca,-,Eoa,"1,763.00",0.06%,2022-10-28 09:43:35,0x18ac8eb79b3b4e45dcb2dd83e4e2f426014d7b6f98c928bb59b84565ae73d177,4566995.578188721,0xc10b7ca0383f0357edeed233dc806b5229dcf4a5,0x25431341a5800759268a6ac1d3cd91c029d7d9ca,in
0x17fd2feedabe71f013f5228ed9a52de58291b15d,-,Eoa,"1,700.19",0.06%,2024-05-23 21:04:35,0x568606b1b7991ced5e54817b4f1dd710f94b322d070903006868a0a81682028b,4404289.321411281,0xd42b0ecf8a9f8ba9db7b0c989d73cf0bd5f83b66,0x17fd2feedabe71f013f5228ed9a52de58291b15d,in
0xe5ebcde141e98c23c150bc350b72c23fdcb747c1,-,Eoa,"1,624.76",0.05%,2024-08-12 05:36:59,0x5f3cd7da8055d228288918c27bc6e6bf12597ab0635821eccbd77bed0a6eb2f0,277643.3518068151,0xac5406aebe35a27691d62bfb80eefcd7c0093164,0xe5ebcde141e98c23c150bc350b72c23fdcb747c1,in
0xc819ece252316e90491e2cc865c3972787515d13,-,Eoa,"1,600.00",0.05%,2024-02-15 06:41:11,0xe9a76058e51129f7541685a15a0484ff019fdd2f36dbd24bb7b3198a8ecf2526,647615.0,0xc819ece252316e90491e2cc865c3972787515d13,0x77d5f03822f94b39ad6117f6a46761ec5879031b,out
0x8813c2a42ddafd151178b52000e6de42fa8defc0,-,Eoa,"1,538.63",0.05%,2023-03-10 14:34:11,0xe156a49461b8301eacf1efee6056c020dd99870b9283359c497b14b4eecb9b1c,86262.318,0x11b815efb8f581194ae79006d24e0d814b7697f6,0x8813c2a42ddafd151178b52000e6de42fa8defc0,in
0x2e684fb180f7f0de3d15e76dc55385f9f4be5710,-,Eoa,"1,531.48",0.05%,2023-04-21 12:24:47,0x0401462c6255aad4477189a590ce65f97385be31fbac8257aadd9d5080a5e1d0,98437.48,0x2e684fb180f7f0de3d15e76dc55385f9f4be5710,0x74de5d4fcbf63e00296fd95d33236b9794016631,out
0xb09daaff1539630a422c676e3456149cceddc09f,-,Eoa,"1,200.05",0.04%,2024-08-05 19:17:23,0xcf94025294a8e3a36bce8e250fbd0e1f6690d9b3778b216a5b5720e686f9a3ec,777138.0,0xb09daaff1539630a422c676e3456149cceddc09f,0x0654874eb7f59c6f5b39931fc45dc45337c967c3,out
0xb96695ccb167ac37ae2fd46f8a8ddfaf462f27ac,-,Eoa,"1,186.60",0.04%,2021-07-31 08:14:48,0x57ed86272d1bb16223f8668f0d4d32003fe372647d9f2a1578a612e521a426f4,3073841.7319853515,0x0a15f5c6aa858db3c8d952277e2c568970960522,0xb96695ccb167ac37ae2fd46f8a8ddfaf462f27ac,in
0x80596bf6a3467502557ce466933e8c4cba2e0b0b,-,Eoa,"1,160.97",0.04%,2024-08-04 23:58:35,0x3f235aef32b520f4c7b5e8b67f0c5c249957e4c703332e275345b41dc200fb34,10128.853399329639,0x64545160d28fd0e309277c02d6d73b3923cc4bfa,0x80596bf6a3467502557ce466933e8c4cba2e0b0b,in
0xc7a253fd3c61cf69d043e6184c107df4e29475b5,-,Eoa,"1,066.00",0.03%,2024-03-01 21:14:59,0xb0225a63e85aae99eccca0d36a3b9b71a89185960f20f057f55208ca7cfe3f36,2761430.36,0xc9e6e51c7da9ff1198fdc5b3369efeda9b19c34c,0xc7a253fd3c61cf69d043e6184c107df4e29475b5,in
0xebdbb4a9b9e2e41151938138bd789f38fe3af41d,-,Eoa,"1,059.95",0.03%,2024-07-15 05:25:47,0xe69fc408ffc1d9f8d8d7d734bbe5717a921f64ef95212be68cdbdc6367f2f6dc,2745775.777405035,0xda0002859b2d05f66a753d8241fcde8623f26f4f,0xebdbb4a9b9e2e41151938138bd789f38fe3af41d,in
0x3240f5819de3fcd90db9294b38b926b28ccaae50,-,Eoa,"1,055.59",0.03%,2024-06-11 17:57:47,0xdfa1676b86d8b955596ad055cd1e165fdca7bd7f13e4f22d9eda301f565a4a51,2187560.4334893073,0xa8c1c98aaf99a5dfc907d61b892b2ad624901185,0x3240f5819de3fcd90db9294b38b926b28ccaae50,in
0xb5a9621b0397bfc5b45896cae5998b6111bcdce6,-,Eoa,"1,013.63",0.03%,2024-02-21 00:07:11,0xba9839809c277ee55a43f334fa7ca13f962871a1cdbfa5ed2577eb2003f206c9,21603.256167998996,0xb5a9621b0397bfc5b45896cae5998b6111bcdce6,0xd1742b3c4fbb096990c8950fa635aec75b30781a,out
0x1d812a7e929d4dbe237926ed8e7c31434b9ab469,Maven 11,Eoa,"1,008.33",0.03%,2024-08-13 15:30:11,0xfa8e5fed23d4ccc5ea62692379553511bcc225a10887c7cf47d4f0b9ae078362,2612048.1343268813,0x1d812a7e929d4dbe237926ed8e7c31434b9ab469,0xe37e799d5077682fa0a244d46e5649f71457bd09,out
0x19deab81e77fe551d3d096b54b3ef9b8b29f34cb,-,Eoa,971.04,0.03%,2022-06-18 20:50:58,0xb7888911f47cba1e3d582ed986ab65c516b8ae57d405363c863a20c1f9818490,101872.02235744716,0x646703824cdb020d4e16b278808abb22432eaee0,0x19deab81e77fe551d3d096b54b3ef9b8b29f34cb,in
0x125f95140e9c4b34043546bb5ac302b3aecff65b,-,Eoa,965.14,0.03%,2022-07-12 10:11:28,0xf8fcb332fe0cce2932f23af70f056dec93ba09c70b3a856f2867376d267594d6,92886.16522023258,0x9008d19f58aabd9ed0d60971565aa8510560ab41,0x125f95140e9c4b34043546bb5ac302b3aecff65b,in
0xed3c405156ab00a5e5b9ef46aaa282cf481f46bb,-,Eoa,933.00,0.03%,2024-08-05 01:31:11,0x44f58d6726bee0361f5e842f524218b4c67c19468e43093b40bc0d3f6d9bcf68,2416899.191137534,0xed3c405156ab00a5e5b9ef46aaa282cf481f46bb,0x9008d19f58aabd9ed0d60971565aa8510560ab41,out
0xa65840c0ae791cd70bd6ecc4c0eb6ed51775fc0b,-,Eoa,923.71,0.03%,2024-08-14 16:27:35,0x9616a8455e9442c759cc1700a2201b4d21296713dbe236b60eaed716d56f49ed,310855.2,0xa65840c0ae791cd70bd6ecc4c0eb6ed51775fc0b,0x187f9c7d5f73a8920a6be9cba42d5bdfc9954372,out
0x693b75eed71dfa1be188fdb53472c8fc51c5a0a0,-,Eoa,923.70,0.03%,2023-12-13 19:24:35,0x4258873c69652e87ebee26bb081772b5e825afa5dea5004be3b0062852e8856b,2082027.0637515052,0x1111111254eeb25477b68fb85ed929f73a960582,0x693b75eed71dfa1be188fdb53472c8fc51c5a0a0,in
0xa3aaf2e92f9c11d7a449a1e2f6323e00f7ce8bd1,-,Eoa,850.00,0.03%,2024-05-07 08:12:23,0x5743f83c0d83e628bdc534dc12d56b2b25393dd32ac453b75f8b5096667625c5,2072368.0,0xed6581e5d103eba6b58d69a049b53542c8df5b9c,0xa3aaf2e92f9c11d7a449a1e2f6323e00f7ce8bd1,in
0xc18caab79fa89f58c03bb9c7a85e76fea8300362,-,Eoa,816.33,0.02%,2024-08-01 08:15:23,0x9e1d13feb19c0fa66bb1e170256ba343746749c568998e4cd94685f94d7f1b7a,388569.0,0xc18caab79fa89f58c03bb9c7a85e76fea8300362,0xa82627e79384a4e32a361a2f2abf30f4ac453f80,out
0xb3e54ff20b43650cf5706beef5c69705a7fc28ef,-,Eoa,805.38,0.02%,2022-12-16 23:26:35,0xd50c7054fefdc50f8b0c513b1e0f4ed5788ecc7a040af9584dc06976f6d67b5e,10210.386401136362,0x0e113904cb1d53cabb324927dffae2f8f6705111,0xb3e54ff20b43650cf5706beef5c69705a7fc28ef,in
0xe06d3a22a40fbc7c4a554ded32c8efc0d15c3fbd,-,Eoa,773.36,0.02%,2023-10-12 22:17:11,0xaf1d5b627a13ca8d9dde4b26d9c6387b7a074b48984ecbe9bebb516efa847d01,2003369.561523717,0x8eb8a3b98659cce290402893d0123abb75e3ab28,0xe06d3a22a40fbc7c4a554ded32c8efc0d15c3fbd,in
0x65ddfd176281cba8c180ddfcfcba11d17d5061b8,-,Eoa,741.53,0.02%,2022-10-28 18:48:11,0xcd67229d8bc2f2087385c5c41dfcb88881c85e2bc657940204672d5e55a4b06f,16669.610099999998,0x65ddfd176281cba8c180ddfcfcba11d17d5061b8,0xdef171fe48cf0115b1d80b88dc8eab59176fee57,out
0xa3609cf7872faa7804281c7c5edb8b2d33001089,-,Eoa,739.25,0.02%,2024-08-05 12:24:47,0x398ccae95903f77a0e46719e05ba0befc9ad3c26a3fe585d1f961862bc3b16fa,125740.23993379108,0xa3609cf7872faa7804281c7c5edb8b2d33001089,0xa8c1c98aaf99a5dfc907d61b892b2ad624901185,out
0x24faf482304ed21f82c86ed5feb0ea313231a808,-,Eoa,724.13,0.02%,2021-12-26 23:37:45,0xcd32f4458d7822d43e9d30d0bead9619d31aae729cda01a8d3dde9ca5f9cd72c,77713.8,0xba12222222228d8ba445958a75a0704d566bf2c8,0x24faf482304ed21f82c86ed5feb0ea313231a808,in
0xf694197103dfb3e2d1a21effb72f945710fbefc9,-,Eoa,701.52,0.02%,2021-07-26 10:43:41,0xb610ec81e8c1c46c08b96206f6116128f2fdbe2c18558d4b8b45479716880ed5,362664.4,0xf694197103dfb3e2d1a21effb72f945710fbefc9,0xba12222222228d8ba445958a75a0704d566bf2c8,out
0x9bbb7d07a044eca40d321c005073aac08b614fd5,-,Eoa,673.00,0.02%,2024-06-05 18:02:11,0x8f34abd05578735d4b7c8d4d5f598c6cae74ba9559ca74fa80aa2f18bb4273ec,259046.0,0x9bbb7d07a044eca40d321c005073aac08b614fd5,0x9008d19f58aabd9ed0d60971565aa8510560ab41,out
0x3187923915ef910a1da0af1de12a55824a7e7e60,-,Eoa,656.29,0.02%,2024-03-18 22:46:35,0x4c2d032690e196b4377e4b2d5288cb31a06835a65ecc5abc7c734fb887ce6b0d,137063.10228944424,0x9008d19f58aabd9ed0d60971565aa8510560ab41,0x3187923915ef910a1da0af1de12a55824a7e7e60,in
0x9d1ec3375252d4ab3c128f9774be266f67faa0bd,-,Eoa,611.35,0.02%,2023-08-04 22:28:23,0x003b00378ac52c10200d8fcac0e42138a34e46b9d7c3350ad3372ae0eb141df3,14233023.423999999,0x9d1ec3375252d4ab3c128f9774be266f67faa0bd,0x51c2cef9efa48e08557a361b52db34061c025a1b,out
0x4ddd3cf6f442523a72de51fc5db11b3c25aeb6b0,-,Eoa,559.85,0.02%,2024-06-24 08:34:23,0xdbc4b7112d47177ef69cc646a4d0ecf39bf37e570ebac9700e8e7ea3eee14fde,1447686.3423799998,0xf3de3c0d654fda23dad170f0f320a92172509127,0x4ddd3cf6f442523a72de51fc5db11b3c25aeb6b0,in
0xc2111e551c38271931f151ab29aa7af16193899b,-,Eoa,553.95,0.02%,2022-11-09 09:30:11,0x0e9e71c77de4610e4b2e2e96c7f51f91351bfaa56436c23f6f0bd0774c908cb3,1432456.380425,0xa4108aa1ec4967f8b52220a4f7e94a8201f2d906,0xc2111e551c38271931f151ab29aa7af16193899b,in
0xeb022e78da0fd63b549a8a53aaa81937ad483099,-,Eoa,553.59,0.02%,2024-08-12 14:37:47,0xf60e6237bc3c1a1592c6ae0359c2c9a76e8887cb4a4f7ede39488ea18e82fbeb,196727.3514062446,0xeb022e78da0fd63b549a8a53aaa81937ad483099,0xcbd3c004701a0c94c1d8a480d51aa4969d081f16,out
0x1f60c7714ef4cb63f07211cfccc93f615b55e12e,-,Eoa,541.01,0.01%,2024-08-01 07:51:11,0x07bd195aa7c076694c084a5bd114cd6cc92743b6c8d14910b38b2db73f817753,756737.1909076208,0x1f60c7714ef4cb63f07211cfccc93f615b55e12e,0x78fc52476c46635c7784e9c13dc9f4fe8c8b923c,out
0x3fe0bf87b9fff545a85adc63ec93acc46b7ca542,-,Eoa,535.41,0.01%,2018-12-07 19:08:16,0xfb350c06ab031099adc5ddeb8a725d1a4e1b034b65520bfa8ac9f335823e0429,120495.92306302597,0x3fe0bf87b9fff545a85adc63ec93acc46b7ca542,0xd9b99266c42d427bb3a64f30a0242bbeb41f6830,out
0x3046013417883d1b6f48e5391f57fadf7e58d246,-,Eoa,534.45,0.01%,2024-07-16 07:59:59,0xd5622128b126b1f115046017c96f456d7d8894378661971122404b0f4cc38ad8,1384156.1043702788,0xfa7093cdd9ee6932b4eb2c9e1cde7ce00b1fa4b9,0x3046013417883d1b6f48e5391f57fadf7e58d246,in
0x4a74eac494c34a8aa997a7cc8d0ebd7e1174bd4f,-,Eoa,517.30,0.01%,2022-09-22 09:14:47,0xf8ba808e6f72c385f1770dce60cf08b67a92b204ee7e6bac860b1efa1e2c6b6a,113475.86278605043,0x9008d19f58aabd9ed0d60971565aa8510560ab41,0x4a74eac494c34a8aa997a7cc8d0ebd7e1174bd4f,in
0x3af4a49c8e2fcaf33fd3389543b80d320fcc9091,-,Eoa,515.67,0.01%,2024-08-08 23:09:59,0xdf72517f88ab54b25e83ed72563e88e41fe888cd6069c309bf5074d8b39a586b,514206.31,0x3af4a49c8e2fcaf33fd3389543b80d320fcc9091,0x9008d19f58aabd9ed0d60971565aa8510560ab41,out
0x4460531eb1a2a27f3fdd83a13c2d526ecc7db859,-,Eoa,500.00,0.01%,2023-04-16 02:23:59,0x94c157ece7031fcaf90571da773f7a38031429a3f62e460e25c1492722ae013f,1713330.244,0x4460531eb1a2a27f3fdd83a13c2d526ecc7db859,0x92b6227618dc85147dcf45cfed40dd5fbcfebf17,out
0x5e9f736f314c9108ac72d4cfed4bcc09c01309a6,-,Eoa,491.45,0.01%,2023-07-28 20:47:11,0xfb40cd41499a1fd7b354a1e0c52872e80a5b0e4937dc3f0810a948751d71bbe1,40506.58264394666,0x22f9dcf4647084d6c31b2765f6910cd85c178c18,0x5e9f736f314c9108ac72d4cfed4bcc09c01309a6,in
0x4918fc71bd92f262c4d2f73804fa805de8602743,monkeybread.eth,Eoa,487.65,0.01%,2022-05-02 17:58:53,0x78ccbfa37a8e544e204b7d0f9c06147b6c2e49ae739c159ff073e9bff6c2edd0,713995.5375,0x9b75e2e87f10c883690d8c36bdaf3d7b1c38ec3b,0x4918fc71bd92f262c4d2f73804fa805de8602743,in
0x47e6dac0fdb0e9de4a1070e1978aa6cbeeedc32f,-,Eoa,460.75,0.01%,2023-05-19 09:46:11,0x1b03df5b82e9586b06f870cd21372915e64ada338b6368b71f6f0daafce40ec7,14310.53881107719,0xf2445e7f77f334c536ce984820f5db5efec38e37,0x47e6dac0fdb0e9de4a1070e1978aa6cbeeedc32f,in
0xc98dadc49aec97213784d1d4f299802fab345bc2,-,Eoa,457.83,0.01%,2018-11-14 10:51:59,0x421eee84de4c2e32db9576856eab59d04efde7e5951735a7a9c882a9cd3ed43d,64760.204251908,0xf990fae85e9c0b494e3a9149aaa7d588cbdf9992,0xc98dadc49aec97213784d1d4f299802fab345bc2,in
0x7b7667d7d6f3c250ddb1887869c27ae7764f9f64,-,Eoa,455.13,0.01%,2024-08-13 15:36:23,0xad73dc0c87c383202fef22fe7dc1485462215148073641a65a280f16dff5f308,1179018.3277231823,0x7b7667d7d6f3c250ddb1887869c27ae7764f9f64,0xe37e799d5077682fa0a244d46e5649f71457bd09,out
0x0c1dc7b813543add7ee871f2b23c57aff584564b,-,Eoa,437.72,0.01%,2018-11-07 21:32:32,0x3446887c64d00042589583dfe4f3ffe820c782d4473d40e09da1b27ff8c7abd0,131244.56846841172,0xe269e891a2ec8585a378882ffa531141205e92e9,0x0c1dc7b813543add7ee871f2b23c57aff584564b,in
0xa4aa93c674e8492d2da23951ed6e329e3a6e9fb9,-,Eoa,436.79,0.01%,2024-07-03 06:58:11,0x5ca0cc4435a5d8d1cff9aa86cb5b57e70c0edea19c798051d24d695fb10c99f8,33675.98,0xa4aa93c674e8492d2da23951ed6e329e3a6e9fb9,0x9008d19f58aabd9ed0d60971565aa8510560ab41,out
0xecd686ddbcca690a5aea1e35225301a9306e2bb4,-,Eoa,432.77,0.01%,2024-04-13 23:25:47,0x9ed564cd9d0b8a3d96e7c1b3aaf6b33aec7c4aa921706f35478967342d0f7773,84901.19318013215,0xce80819bf969d64f6588d9247ada2c58e582b34a,0xecd686ddbcca690a5aea1e35225301a9306e2bb4,in
0x85560dbef2533eec139b3e206b119fd700f90262,-,Eoa,431.75,0.01%,2021-09-03 12:56:29,0x592285684e961c24ee2ef45fd1bb1d61103faea753b74074f640e4be93296465,259046.0,0x85560dbef2533eec139b3e206b119fd700f90262,0xa8b4367f09e63a5234abd14f5ef6868b1aed0e7d,out
0x565eba8b4146b6d71ccb2aa9bef2bd14df8063e4,-,Eoa,414.38,0.01%,2023-07-30 13:51:11,0x193bd760c51ba72aee0c75b799cd84f2b3df2165b5ce5bb944b75e5e7db0fc4e,1073458.1349368508,0x9008d19f58aabd9ed0d60971565aa8510560ab41,0x565eba8b4146b6d71ccb2aa9bef2bd14df8063e4,in
0x71af568331ba2891c4fe1216de0179ae918e5094,-,Eoa,405.64,0.01%,2024-04-13 03:47:23,0x65d51f942572a3fbca2f5a2a3807746a0b0610d05a9f111d532bf868a53663fc,234346.1137013288,0x9008d19f58aabd9ed0d60971565aa8510560ab41,0x71af568331ba2891c4fe1216de0179ae918e5094,in
0xfe0875e12958a019dea15a795c22845179749f50,-,Eoa,403.10,0.01%,2024-01-08 20:04:35,0xf7073475704be691d58afc926748163832ea0d64146bf18a69e1f992aa85de40,1044236.2421446554,0x9008d19f58aabd9ed0d60971565aa8510560ab41,0xfe0875e12958a019dea15a795c22845179749f50,in
0xf6a5d3dd7c988b1d9b029886cd404b582aaa26e1,-,Eoa,400.00,0.01%,2024-06-06 02:32:47,0xf548d89c64a71cd52c4b63d8b7f625a8de209563e617b99c04b33352542294fe,271609.73099999997,0xf6a5d3dd7c988b1d9b029886cd404b582aaa26e1,0x9008d19f58aabd9ed0d60971565aa8510560ab41,out
0xe7af87c6c6ec02cc7ee98c3adc555e4231dce8f3,-,Eoa,398.97,0.01%,2024-07-10 04:14:47,0x1e7b0543b8a076ee06655dd866f962ad99f9df657d751580f9c613e6839b377a,258091.81601549202,0x1c5f80b6b68a9e1ef25926eee00b5255791b996b,0xe7af87c6c6ec02cc7ee98c3adc555e4231dce8f3,in
0x083fc10ce7e97cafbae0fe332a9c4384c5f54e45,k06a.eth,Eoa,390.85,0.01%,2024-08-12 08:31:11,0x01727e98dca7dbceae37fc25e3484f3a93894974f573c0661a33f2b529b1a7a8,64761.5,0x083fc10ce7e97cafbae0fe332a9c4384c5f54e45,0xb02f39e382c90160eb816de5e0e428ac771d77b5,out
0x598c5e19a132a5c433a80c908f05d87bfdaac4ae,okonomi.eth,Eoa,390.00,0.01%,2024-08-05 06:39:11,0x7b5e54f7064424e4d19e0f4302c7f8fb8588be70b6e041f96d19adbddb053809,259046.0,0x598c5e19a132a5c433a80c908f05d87bfdaac4ae,0xc3d688b66703497daa19211eedff47f25384cdc3,out
0x95f071372891ec292124408802a5397eb8838478,-,Eoa,381.53,0.01%,2024-08-03 19:02:11,0x8efc6d8f43cf723a8ab2363697837f2d51be9d02fccfd426c17df30051b3169e,16412.97250414183,0x63df7c7e3a6e7c2047aad84fd5ae81647ae1cfeb,0x95f071372891ec292124408802a5397eb8838478,in
0x72e7bb93e73b2885a22ca29c34759361399a5c0e,monaelisa.eth,Eoa,375.24,0.01%,2023-11-20 14:26:59,0xbc409302cb772eeb6a0381911f4753c8b86f316ce298e794a4794bc46ad834cd,16319.898,0x72e7bb93e73b2885a22ca29c34759361399a5c0e,0x593f39a4ba26a9c8ed2128ac95d109e8e403c485,out
0xc252dc898263a23e564475defcd506866c38025f,-,Eoa,364.00,0.01%,2024-05-18 21:41:35,0xfbc041b1b77a85d1a0ce31aed6c6cd93572d6cfcf50277001f96bad36258a5cc,942927.4400000001,0xf71741c102e5295813912cf3b2fc07bc740a0f1c,0xc252dc898263a23e564475defcd506866c38025f,in
0xdbf5e9c5206d0db70a90108bf936da60221dc080,Wintermute trading:c080,Eoa,360.00,0.01%,2024-08-08 10:34:23,0x0a9d77db5ddc37d7e621a70c9f3699a419aaff3f7f65df3ec7c37f111c322746,932164.596792,0xdbf5e9c5206d0db70a90108bf936da60221dc080,0x51c72848c68a965f66fa7a88855f9f7784502a7f,out
0x229a8764e5a92e693eb53139cc09d846cbf67d06,-,Eoa,356.60,0.01%,2022-08-08 21:03:55,0x6cc61805824798c05a88ce4f49d924a6c7efadf8f0b8d7904021c68a18c79445,109902.29118189978,0xd8c07491caa1edf960db3ceff387426d53942ea0,0x229a8764e5a92e693eb53139cc09d846cbf67d06,in
0x13822a666ee4fbbe0ef7973a672b9ee816067e88,-,Eoa,355.36,0.01%,2024-07-30 07:09:11,0x6f86b537f571b3df876bfc090979c33aeaad6f9e130a313c3731b9dbcca0184c,920564.9906415588,0x13822a666ee4fbbe0ef7973a672b9ee816067e88,0x285b10c73de847ee35bcb5cd86f17d55ff936476,out
0x0258182e25ed6a38973e4057e2028550607bc0cf,-,Eoa,349.15,0.01%,2024-04-20 21:37:35,0x5b490be8c42a263b1a372294c56a6bacd76ccc982eff0baa8b460132e26ec16f,12306.555222500518,0x0ea92f3a9652a5f8a3c6123578276915b76411e9,0x0258182e25ed6a38973e4057e2028550607bc0cf,in
0x9afd4413b11ecc5420bd287f8e48e01fe87f3afa,-,Eoa,345.00,0.01%,2024-05-15 19:23:47,0xaced7ca592f5f033619d069c596977cd58f5465e1aea5468222b3f57bc5961e9,891118.24,0x9afd4413b11ecc5420bd287f8e48e01fe87f3afa,0x9008d19f58aabd9ed0d60971565aa8510560ab41,out
0xfe73b5a595405bac396c329c674571a7a3db528c,-,Eoa,341.92,0.01%,2023-03-17 17:13:59,0xf81f365c405c7f90322c7b811e5f072b2ef469c6192a2d5662c1894b001570cc,90666.1,0xfe73b5a595405bac396c329c674571a7a3db528c,0xba12222222228d8ba445958a75a0704d566bf2c8,out
0x911f80d16ec1b70db332227b03beb871ac58ead7,-,Eoa,341.49,0.01%,2020-08-09 20:05:11,0x9e0fcb986ef912e99f60c34cde761b677f5982d7176eea6c6bd81e32f43aa941,165379.43944338325,0x2633dc6f65f293fdc47206beef1fc9bd6c63edff,0x911f80d16ec1b70db332227b03beb871ac58ead7,in
0x8fbc399d96f9080ea949b6ba462263165684df9f,-,Eoa,336.50,0.01%,2020-08-09 21:04:44,0x031c90b5b61c66e948138b81f54516cf20319c5bdb689c686226cc56c9718399,152439.42442905492,0x2633dc6f65f293fdc47206beef1fc9bd6c63edff,0x8fbc399d96f9080ea949b6ba462263165684df9f,in
0x483f556fa515bfe3d015e71b65b7e3cc84815b8d,-,Eoa,327.43,0.01%,2022-07-07 09:28:24,0xe42b4694f4ed5e1a56a83fa4d8daf3fec854a4735029d063a37febdf3b3c8a49,108163.49814945908,0x9008d19f58aabd9ed0d60971565aa8510560ab41,0x483f556fa515bfe3d015e71b65b7e3cc84815b8d,in
0xe32e3bd2ec560513cab4757564ca50d13caf9f7f,-,Eoa,322.48,0.01%,2024-08-09 09:35:11,0xccc9526fd12615ac75207b215f032b18f2f089c2c8496290366bbb3611742ad1,259046.0,0xe32e3bd2ec560513cab4757564ca50d13caf9f7f,0xd296ec8506eb25734eda2ae8e1331afb766e3752,out
0xa5d8a3c05961a025377c3beb08852e13abafceea,-,Eoa,322.00,0.01%,2022-11-23 06:12:59,0xf1fd547989fe92606ee1f98f33c10e1b6c474dcc1c8d8fc1abff5e45996db8da,834128.12,0x4c9a436aef421725a42d5e25db567ccc14436d6f,0xa5d8a3c05961a025377c3beb08852e13abafceea,in
0xad5382557cb83a7fc4fc3f2f9803d338cf1410b5,-,Eoa,318.56,0.01%,2024-08-14 13:56:59,0x25fc69f8657a6fd411cbbc8ae71cfffacba995de07f36a7c91945e9cf2ed2074,824969.0344783494,0xad5382557cb83a7fc4fc3f2f9803d338cf1410b5,0xb1648c528a46f953a64fe4de9a1f83159d1254ff,out
0x2ad0ee055835cd604462852b93652ce26aa51f06,-,Eoa,316.39,0.01%,2024-04-10 15:51:23,0xbcdc718ca81e949c0ab9e0ea266d7b3a94ee6ed3c4d2fa33c0337000e648ac9a,143129.63470028422,0xa88800cd213da5ae406ce248380802bd53b47647,0x2ad0ee055835cd604462852b93652ce26aa51f06,in
0x97d9216eb009aac1427d47c0a7b8e4d05cf70f3f,-,Eoa,312.78,0.01%,2024-07-29 12:14:23,0xafe52e6f143a1583518cd7a4bf7a356a2e89514bb8cea64f0d6a52b1b9adcf9c,810254.0936809814,0x97d9216eb009aac1427d47c0a7b8e4d05cf70f3f,0xe37e799d5077682fa0a244d46e5649f71457bd09,out
0xb497070466dc15fa6420b4781bb0352257146495,-,Eoa,310.03,0.01%,2024-08-15 01:32:47,0x825443fe38caf7aaaa41fa26e87f436212463ad861e53d1609426e41fce92749,233141.4,0xb497070466dc15fa6420b4781bb0352257146495,0x9008d19f58aabd9ed0d60971565aa8510560ab41,out
0xc5d49b440aa8c92e6d3d25c259508b96885a59ad,-,Eoa,308.00,0.01%,2024-08-14 22:28:47,0x8b2715b82910951df4a3d5908f42519502624302c02a94ba58e71ce4648ff381,800452.14,0xc5d49b440aa8c92e6d3d25c259508b96885a59ad,0x9008d19f58aabd9ed0d60971565aa8510560ab41,out
0xa4c97b839c6b44ad356e19eef0d4fc9ac05d8526,-,Eoa,306.17,0.01%,2024-08-09 12:59:59,0xc05ec916951f3b3c413e02c749e5d8f623e39cbcd2dc2582c0e1bb1e7cdabc7d,689522.6258096015,0xa4c97b839c6b44ad356e19eef0d4fc9ac05d8526,0x7bb33a1d518d675f33586581de30e0edf30d9dda,out
0x8a3c3a121e3138be15fc6aa39b33fdcdb7f42f22,-,Eoa,304.59,0.01%,2022-05-01 15:06:00,0x1d45cc0542e85d126581f03f31ab157ddb8f21df1fdaf9f7320c444c207ba6f3,321605.609,0x138b9057d61e893b72b33ab2d17f24ac87bd33cb,0x8a3c3a121e3138be15fc6aa39b33fdcdb7f42f22,in
0x0233a4970e5fa014f263b4a52427e997291e6cca,-,Eoa,303.58,0.01%,2024-08-06 16:08:11,0x9f12f96d3f61401314e931ead0c2b29cc79db94569585c2ef5702d74ac866ca8,65025.86220943493,0xda96af1d1f753d05bb9d1d4e795e5b97da3efebf,0x0233a4970e5fa014f263b4a52427e997291e6cca,in
0xccaefc8df17ddef9538d034da2ea4229d9e7c432,-,Eoa,301.68,0.01%,2021-01-07 23:24:29,0x355e4a0aea8586d84c6fb9cc2eec3b358be5d4239d9d5701e90b43ae703ff87f,77713.8,0xccaefc8df17ddef9538d034da2ea4229d9e7c432,0x74de5d4fcbf63e00296fd95d33236b9794016631,out
0x630daeb3f561a58475205f5730335c13de507b4e,-,Eoa,300.35,0.01%,2024-08-05 02:14:35,0x41ce1683b3a5e84b13a344c6159312b0aa6434a026cb3271ed1427b7e592908c,779485.9930476184,0x28c6c06298d514db089934071355e5743bf21d60,0x630daeb3f561a58475205f5730335c13de507b4e,in
0x2a925dfec510c1f916099483a21fd23bfc8cdfea,-,Eoa,300.00,0.01%,2023-10-26 08:02:59,0x19a177ba0aacbb6911fc7219b632b782168007224edd79cbd43bde53b10dfcce,29229.333166868917,0x2a925dfec510c1f916099483a21fd23bfc8cdfea,0x901996e18a3b15359a62ceb247647665fb8ade89,out
0xbe7ee82817c1e342d319fd25ba4083796c197877,-,Eoa,299.87,0.01%,2019-01-22 16:07:48,0xb9cc625462f34cc0fa30a96fb7e51bd3c4204906e39b9ff057fdc500a75da1e4,777138.0,0xc360c4c8fd8c2db40725ca19f7fb5b484143ade1,0xbe7ee82817c1e342d319fd25ba4083796c197877,in
0x66c7a7348250f453a37cf86410a946f9668de386,cx000.eth,Eoa,299.54,0.01%,2024-08-13 23:38:35,0xb3025f8539aea4caefa5f035074d796ff0c2d8a0ae54896b7c9fa5ffe7557eff,44037.82,0x66c7a7348250f453a37cf86410a946f9668de386,0x25ff4b398cd97b5bfbbe68378aae1f23cbe13bba,out
0xa7277c7b0ef6fe2e1c4f69df847fd79dcf6ca3c8,-,Eoa,298.75,0.01%,2024-08-14 06:05:59,0xa42b40b04847dd5a08d419dee1fd143845c9eb3a3d14d7d171adec7dd0f3491f,11122.928461447824,0xa7277c7b0ef6fe2e1c4f69df847fd79dcf6ca3c8,0xb4b50bfa4c4c90dd25a4cbe695f8124d24ac6474,out
0x05c31f9623a5b691f18e60e68f23c64cd708badb,-,Eoa,294.83,0.01%,2021-05-23 14:42:09,0xe81993ac33196ee0589af172e0d74bc2f2e242f54459b9d6a54ec095d5d5a8f9,131076.80192793388,0xfd3dfb524b2da40c8a6d703c62be36b5d8540626,0x05c31f9623a5b691f18e60e68f23c64cd708badb,in
0xa568bd1f7038bdea2fca05881168eef8fd4ffa33,-,Eoa,294.15,0.01%,2024-08-14 10:25:11,0xf149ac965d184ba6e8e2c751a69295e26ef38c52c1ba1219f8494fa13a6f9ba9,38856.9,0xa568bd1f7038bdea2fca05881168eef8fd4ffa33,0x4b62fa30fea125e43780dc425c2be5acb4ba743b,out
0xf6e2c94a609ca303964b65ec991a1a0d2991b961,Gary0xk,Eoa,293.24,0.01%,2024-08-08 23:30:23,0x0983c50798e9b66c90cc5803b88919cc4ea996d9aeece99e63b417fa2680f5f8,518092.0,0xf6e2c94a609ca303964b65ec991a1a0d2991b961,0x9008d19f58aabd9ed0d60971565aa8510560ab41,out
0xf0e4d5bf84feb9332c118dd4155832339136f5a5,-,Eoa,290.43,0.01%,2020-11-02 03:03:28,0xb6c823922df8121500aebbc3d9a1199b1fe017ed2edfd5e911e05930ee7a1fd8,543793.5515346495,0x448a5065aebb8e423f0896e6c5d525c040f59af3,0xf0e4d5bf84feb9332c118dd4155832339136f5a5,in
0x28638f96ef6bc8f0be436a45b1fe9a397cdd68d5,-,Eoa,286.89,0.01%,2024-08-15 02:11:35,0x995647253c1f9665c742572bf8c194c216b1d9b7f6f0275d70cde73929f8075e,72532.88,0x28638f96ef6bc8f0be436a45b1fe9a397cdd68d5,0x1d42064fc4beb5f8aaf85f4617ae8b3b5b8bd801,out
0xfb325ee61cef82a6e360755aa2fc105d545b07fd,0xfb325,Eoa,286.02,0.01%,2024-06-04 05:47:11,0xb7a467640a4b688db703df81aaf2a8f551288dc6125b1f60c0de78e470440cf1,174734.70901817112,0xd2bafc8ce0d04a7a678c0155b68bd9cc29cdf856,0xfb325ee61cef82a6e360755aa2fc105d545b07fd,in
0x7d0892a7806582e6865e3b28bee1fc84401512da,-,Eoa,285.11,0.01%,2022-06-19 06:09:10,0x5311fd3143888c338a5013f06aa00d2988c1cab873143e04e0ea729c443ddc5c,738570.289639104,0x650b940bce78e2f4e09a0482937e850e0afbeef2,0x7d0892a7806582e6865e3b28bee1fc84401512da,in
0x56178a0d5f301baf6cf3e1cd53d9863437345bf9,SCP: Market Maker,Eoa,281.60,0.01%,2024-08-15 03:34:23,0x53affa4359252e9fc6e6a5c0b08ea7a825cedf07341209a1c21fbd2e955914ff,24091.278000000002,0x8d90113a1e286a5ab3e496fbd1853f265e5913c6,0x56178a0d5f301baf6cf3e1cd53d9863437345bf9,in
0x1d40a7a7ba0cdc1ef7d59087566762fb70776800,-,Eoa,281.00,0.01%,,,0.0,,,
0x653c7c5d8b14e0b2b261ed1fcfd652eea0496376,nerdminter.eth,Eoa,270.00,0.00%,2024-03-02 10:34:47,0x9582ef0ac2c45750fd5d73ca8ee2411c828eb89c6344e450360fc525189f7586,518092.0,0x7227bcb8a93c38dc954b5d49e8a61eec28134a04,0x653c7c5d8b14e0b2b261ed1fcfd652eea0496376,in
0xcf1cd44c8b9875e55e60a48d3439c03b7037ec7b,-,Eoa,270.00,0.00%,2023-02-10 18:05:35,0x4398f40ba782d1e713068b633ecfbef29112395db86779b819aace75c8026ca1,699424.2,0xf71741c102e5295813912cf3b2fc07bc740a0f1c,0xcf1cd44c8b9875e55e60a48d3439c03b7037ec7b,in
0xda022d23ca13b209a3699fbfe08d12a1f28fe35e,Baeige: Deployer,Eoa,267.41,0.00%,2024-03-25 18:59:11,0xcedb485394ac43ed3cc26a72c6bb4829c614b7025dd32b60cf2be539ce225df3,25904.6,0xda022d23ca13b209a3699fbfe08d12a1f28fe35e,0x74de5d4fcbf63e00296fd95d33236b9794016631,out
0x147593c9875a11e9f4102974fd91fa825aa2eefe,-,Eoa,264.51,0.00%,2024-05-15 22:35:11,0xb8793b35afc77c5d59dc97b1c6c1d6fa9855d81391a484efc0e4bc05266d95c0,217877.21592875963,0x147593c9875a11e9f4102974fd91fa825aa2eefe,0x9008d19f58aabd9ed0d60971565aa8510560ab41,out
0x8f5256ba59fb9352d55a576cdb6bbf364230cdcc,-,Eoa,260.71,0.00%,2024-08-13 19:16:23,0x124159d458635a5a1f6eb245ff05b71f02b3cff0322d6fac2d00e5365d77cfc5,234107.63963372624,0x00000000009e50a7ddb7a7b0e2ee6604fd120e49,0x8f5256ba59fb9352d55a576cdb6bbf364230cdcc,in
0xa3690e5a1e9994313a4bfe6f7e87089d5a50b75d,-,Eoa,256.00,0.00%,2022-11-01 20:43:47,0x934ecfb7c258e767a0538a1d82e4c7ac32911fcc1a7acdb85e0cb92691edbc45,663157.76,0xf71741c102e5295813912cf3b2fc07bc740a0f1c,0xa3690e5a1e9994313a4bfe6f7e87089d5a50b75d,in
0x95bdcb8679699834fc79da3283037517ee69d9ce,-,Eoa,253.02,0.00%,2021-12-31 17:09:23,0x4681a5443fadfc584c4f1a473edbbd60e96b3068b086270a1ebb6a26e04347e5,686471.9,0x95bdcb8679699834fc79da3283037517ee69d9ce,0xfa5562729fdc3ed3a52c3aab2e12bd504fd24991,out
0x4ba28cb99ffe70c33360c878f5952e4dd15347f9,-,Eoa,251.88,0.00%,2022-07-27 11:08:31,0x3ac0e57089d55d2c4082590530c258d6c3935204066d552a2eb6a8e9557ad456,652490.2128459003,0xaebfe1e1bd01d4b6baf4b998e7b8dc93182d40e0,0x4ba28cb99ffe70c33360c878f5952e4dd15347f9,in
0xfcf22d68f407f1f8626d248dea26a97797d95df4,-,Eoa,250.00,0.00%,2021-02-26 15:25:26,0x46687f3cedbe2b0fb566160c0f4b32d75719a9bd622960c0d29c0dca1750e038,645024.54,0x1396b002aecbecd7965eb5bf04305920ee9a9ced,0xfcf22d68f407f1f8626d248dea26a97797d95df4,in
0x7978149723398082b7b34df6a403e1f993996bcc,-,Eoa,250.00,0.00%,2021-08-28 00:07:43,0xa3571b276c99f4b3efc732ad3bed9debb1755e55bad9c0966f48c0ff82dec08d,647615.0,0x27239549dd40e1d60f5b80b0c4196923745b1fd2,0x7978149723398082b7b34df6a403e1f993996bcc,in
0xbe185b216fa76580befecec0d87425321e5dfcfa,-,Eoa,248.69,0.00%,2020-12-28 21:33:38,0x59bd19a7b5ccf72a4586ecde9ab00ae89ad6f32d9f927b53390a71e0b768b886,543996.6,0x3605ec11ba7bd208501cbb24cd890bc58d2dba56,0xbe185b216fa76580befecec0d87425321e5dfcfa,in
0x8a25d8c9fa8c7a726137f2d618d85cbc2c083f78,-,Eoa,240.45,0.00%,2024-08-08 22:05:47,0xf8042623f169aa215dcefe7c868960c74747b5568d6c5c9949c03cc11568f779,4351972.8,0x8a25d8c9fa8c7a726137f2d618d85cbc2c083f78,0xe37e799d5077682fa0a244d46e5649f71457bd09,out
0x3bfe14b758d1cec88e29c4748c09420b6e4319db,-,Eoa,236.43,0.00%,2021-09-12 04:00:02,0x13bdc09ee9d292331edaa900d846d643cb71baa1df124053df8d57278b9a92b3,238322.32,0x3bfe14b758d1cec88e29c4748c09420b6e4319db,0xba12222222228d8ba445958a75a0704d566bf2c8,out
0xd98c3b7f0297f2ed1861893cfd80c4cfa24fb687,-,Eoa,235.43,0.00%,2022-04-13 08:09:15,0x98558563f190348cf0117a429683d6cfa4de26934ef6942155b8b79c7c868be1,609877.8911546826,0xba12222222228d8ba445958a75a0704d566bf2c8,0xd98c3b7f0297f2ed1861893cfd80c4cfa24fb687,in
0x907753f96247ccdc0c7ccf246e3cd3e9f419be87,-,Eoa,228.62,0.00%,2021-01-17 00:10:46,0xdfeb6afb5b59ae57c83a0d9434e0a79f6191fd325550c92e5e356d29cb89e5ef,59785.25403015128,0x907753f96247ccdc0c7ccf246e3cd3e9f419be87,0x11df7977a3f983757e10e87e1a29cf0997125869,out
0x465de6421af98d27f24e7c17a2a919914e535206,-,Eoa,227.36,0.00%,2024-07-09 02:52:59,0x0fc35c63e0fa57b4e911b74fc62a3b33da34e21f6f61b7a9fb7fba4295413a8b,28566.58762247625,0x77d5f03822f94b39ad6117f6a46761ec5879031b,0x465de6421af98d27f24e7c17a2a919914e535206,in
0xc451b0191351ce308fdfd779d73814c910fc5ecb,-,Eoa,226.07,0.00%,2024-08-09 23:16:59,0xcd07e2c3efeee77f61619233d0a32e169159915a1d940a5aea29b3ffc62a7732,146957.2674635378,0xd9158301cf12c6972eccdbd90fe22ccfdb52acd1,0xc451b0191351ce308fdfd779d73814c910fc5ecb,in
0xfdb9f5e045d7326c1da87d0e199a05cde5378edd,-,Eoa,224.99,0.00%,2024-04-02 12:52:59,0x9d52752a1378171947a8fe218e3e3fa7be6f89c6215eef16bb3c51164cdc957b,63011.74806451531,0x525145f821d8d2abb494c454e9445e14c817f7cb,0xfdb9f5e045d7326c1da87d0e199a05cde5378edd,in
0xbefe0f065c8c8abad413072b61902f23bd0ea168,-,Eoa,224.23,0.00%,2023-11-14 14:50:35,0xae2ddeb8730147a27e7089ffb07a0db3c6c46538be1a8f93d37be3757809d3d6,11089.552617254049,0xa88800cd213da5ae406ce248380802bd53b47647,0xbefe0f065c8c8abad413072b61902f23bd0ea168,in
0x4fffbb9905d14794cb18d192e8056c6aa7cba3c4,-,Eoa,224.19,0.00%,2021-12-22 15:22:16,0x07be05b22b4b7cb749aa1591ab462e1f4c2ae9377094314b603bafe9b57662f8,38856.9,0x4fffbb9905d14794cb18d192e8056c6aa7cba3c4,0xb3c839dbde6b96d37c56ee4f9dad3390d49310aa,out
0x0e124fb703bae79cbc11a6cfda5c40a766d20394,-,Eoa,223.20,0.00%,2022-05-23 21:20:09,0xb50ad5389214b8bb7eb4eb78bc438eb915c4250c42d8e477dfa21e3c4d27ce32,577672.58,0x1111111254fb6c44bac0bed2854e76f90643097d,0x0e124fb703bae79cbc11a6cfda5c40a766d20394,in
0x59275149ee03ac34f8a94ea9063359bad5527a78,-,Eoa,222.33,0.00%,2024-07-08 10:47:11,0x77fc107827d1189a52dc51337827cad630678cca81188bf0d1421c563a54c3ed,209991.7338665276,0xa8c1c98aaf99a5dfc907d61b892b2ad624901185,0x59275149ee03ac34f8a94ea9063359bad5527a78,in
0x91c1119f66758f90e484245094caad5cd2c2c789,-,Eoa,220.66,0.00%,2021-07-27 17:10:17,0xcfc4c7ca71c0e84938576aeea598e7d26cdd9bdbc5f1d0b31ae2b38d000789fe,571629.836416458,0xfd3dfb524b2da40c8a6d703c62be36b5d8540626,0x91c1119f66758f90e484245094caad5cd2c2c789,in
0x6ca33486eed915816560630b883a047c4e2b92df,Fake: Metadium Presale,Eoa,220.27,0.00%,2024-01-09 17:29:35,0x4a708284e5f120e98ee7cccbbd5878a2325796d3ddac3529e4e970633d3fa82c,570044.1328793269,0x90ca41ac9544911a4bded05e9277a45896fd642e,0x6ca33486eed915816560630b883a047c4e2b92df,in
0x08ff1fbaf24498f0d2080eb510d559dd3dfc671d,-,Eoa,220.00,0.00%,2024-03-15 08:01:35,0xd0f3ec7d78bb1a9cb874c6603b64da919d83f6a8e160b7ef5e4bb3a0dbd3f249,518092.0,0x08ff1fbaf24498f0d2080eb510d559dd3dfc671d,0x77d5f03822f94b39ad6117f6a46761ec5879031b,out
0x2c7240f1887cd0a4380207b8a774dbee332e4bd5,-,Eoa,211.75,0.00%,,,0.0,,,
0x5bafb8858fe242b9545b86d1c5b8609be050a8bb,-,Eoa,210.00,0.00%,2022-11-11 15:07:35,0x1861f277fa33f6cd53cc4a23b15e87f5914d06bf3b9d9a718a7864828b979034,38856.9,0x5bafb8858fe242b9545b86d1c5b8609be050a8bb,0x113d754ff2e6ca9fd6ab51932493e4f9dabdf596,out
0x0f7ed2d809aef4ec27fa3fff91bd9165edac0fa3,-,Eoa,209.68,0.00%,2022-12-26 09:03:11,0x27decc07ccc6e800cdbb64197032e0792b9a8956f575e87cb9fb46fef754dd4f,543178.1111129831,0x8eb8a3b98659cce290402893d0123abb75e3ab28,0x0f7ed2d809aef4ec27fa3fff91bd9165edac0fa3,in
0x2d9e71409c917bc3395673f6d81e4ed32d1fb31a,-,Eoa,209.00,0.00%,2022-03-19 14:37:56,0xadb0206ca60395d0671a052500c31bdc0f085a2de87b29a465647376d0993c58,313070.14950097667,0xba12222222228d8ba445958a75a0704d566bf2c8,0x2d9e71409c917bc3395673f6d81e4ed32d1fb31a,in
0x460c501889128d3e0fbc205834fab4a271494886,-,Eoa,208.94,0.00%,2024-07-31 06:14:11,0xcd6daf30515a18df3e1b1bb2df72ab8a9873199908d5bd1349210ce38194ec1f,397542.2074180171,0xa8c1c98aaf99a5dfc907d61b892b2ad624901185,0x460c501889128d3e0fbc205834fab4a271494886,in
0x5c56a26695585c5e9849c09367c694b711cedce4,-,Eoa,207.73,0.00%,2021-07-21 14:40:20,0x34bfd825d60761f02c8eac52b180ccc8dd600290dc9d58c89810c8140163f79d,523620.0502496236,0xe1237aa7f535b0cc33fd973d66cbf830354d16c7,0x5c56a26695585c5e9849c09367c694b711cedce4,in
0xca74f404e0c7bfa35b13b511097df966d5a65597,-,Eoa,206.65,0.00%,2024-08-15 03:06:11,0x9752bdd2b3f65a841c1deff8ec1a9a65df03213b66ae5aedc543245e99791122,51809.2,0xca74f404e0c7bfa35b13b511097df966d5a65597,0x111111125421ca6dc452d289314280a0f8842a65,out
0xadc2bf9e955b2d8a4b37b77353e561413bf97724,-,Eoa,206.42,0.00%,2022-07-06 18:50:23,0x771dbeba6c3727f5f1a69696e2074b5537ce3b72432a044f2a019129b008f53e,168951.34004413622,0xba12222222228d8ba445958a75a0704d566bf2c8,0xadc2bf9e955b2d8a4b37b77353e561413bf97724,in
0x8cc4669a7b34e0f5fadbce72c6f84ae69da62424,-,Eoa,205.30,0.00%,2024-05-27 02:19:23,0xfcafe75fc7943a8d463a3a1c0c8d24fb4d260b02b15f3926fe0e4491def91e11,259046.0,0x8cc4669a7b34e0f5fadbce72c6f84ae69da62424,0x9008d19f58aabd9ed0d60971565aa8510560ab41,out
0x695835a65487c1df96c1b7a16640f2a5f61d7604,-,Eoa,204.50,0.00%,2024-07-18 08:55:35,0x5bde25e1c0dafad334626ad43b47550fdc929645c71cc997069a39e9b9e9870b,950698.8200000001,0x695835a65487c1df96c1b7a16640f2a5f61d7604,0x6a50353e2b7f2f96a7c5680c51b9f32565b04195,out
0x1c813bedc2419c849aca246ae3523744640a025b,-,Eoa,203.91,0.00%,2024-06-30 14:10:59,0x60bb24ef28ba7bb1738e8b9de08ef643529f92843a06015a84776248c8f5d41b,528223.8862107513,0x030ba81f1c18d280636f32af80b9aad02cf0854e,0x1c813bedc2419c849aca246ae3523744640a025b,in
0x51d7feccaec59f6ab2df434215331a3dec5412ef,-,Eoa,201.52,0.00%,2024-03-26 07:25:23,0x4291284aa93874431b820a84b569a2ab9701a3a221041c9467ab487d66d79aef,522053.0823152555,0x9008d19f58aabd9ed0d60971565aa8510560ab41,0x51d7feccaec59f6ab2df434215331a3dec5412ef,in
0x47e84b420a0a1717e1c86adc25bfb5d610167e1b,-,Eoa,201.18,0.00%,2023-07-13 07:53:59,0xe1a9753a756266b4e170a69b1cc291d610bc63ba44ebe3d774669ffd85027929,57774.222670173236,0xba12222222228d8ba445958a75a0704d566bf2c8,0x47e84b420a0a1717e1c86adc25bfb5d610167e1b,in
0x629b1166064abc68a4ea392e37cd4133103d7516,-,Eoa,200.48,0.00%,2024-03-10 17:22:23,0x9eb31932ca2421419d058a6ef9573d0505e0a696fb0ad5e9f38926fe70180e81,629481.78,0x629b1166064abc68a4ea392e37cd4133103d7516,0x9008d19f58aabd9ed0d60971565aa8510560ab41,out
0x0df30e662857deb72077d97db04639716d14d7cf,-,Eoa,200.33,0.00%,2024-08-13 14:25:35,0x450d6e193837e98357c5f24cbd962587787c1edb7607b77a08efb5d551196af0,194284.5,0x0df30e662857deb72077d97db04639716d14d7cf,0x9008d19f58aabd9ed0d60971565aa8510560ab41,out
0xd548e37d1fb51a4e90adee51e3402ba7841a7671,-,Eoa,200.32,0.00%,,,0.0,,,
0x7056e70a5ca249ba88e9550eb22caec4c985bb8e,Gitcoin Grants: fuzz geth,Eoa,200.05,0.00%,2019-11-25 05:44:05,0x25a20dde4f21653161b49c88aaa1d9fbf93f47bd02e658765f04cd5f2fbedadc,19090.89844540208,0x8018280076d7fa2caa1147e441352e8a89e1ddbe,0x7056e70a5ca249ba88e9550eb22caec4c985bb8e,in
0x54a85cfdb41f0b4f9001b4837e594940d375ed37,-,Eoa,200.00,0.00%,2024-08-05 15:49:23,0xe4241774c557f84c145a03e2b2bf9156a83d72469c37fe8433ac3184aac8dd95,51809.2,0x54a85cfdb41f0b4f9001b4837e594940d375ed37,0xfa14fb4d1e614ce051b370d3d41d8689ecda3daa,out
0xe3c32772636266037c6c3df44378b7e6b08b7208,-,Eoa,200.00,0.00%,2022-07-28 19:33:55,0xa3f87b47295e73b25fb73439b532b212ab7bc31b863a7afe0cc7d80d1ef306bf,518092.0,0xce0adbb76a8ce7224bec6b586e18743aeb03250a,0xe3c32772636266037c6c3df44378b7e6b08b7208,in
0x8ec780c9dc4d7a2c47a4e1e107a92b5fbfb91b49,-,Eoa,200.00,0.00%,2022-08-03 02:27:54,0x06affbf8ad87ee5daff50ed4bdcfaa1ec54fa3daa56e4484d8bc08fa45322b01,12538.47489704696,0xaf2ec9df5b6d5a8c17391b684a7ebb6a7c8fc72d,0x8ec780c9dc4d7a2c47a4e1e107a92b5fbfb91b49,in
0x098d731bcb9364def4590f695a86c4e85c25988e,-,Eoa,200.00,0.00%,2022-07-28 10:37:59,0x02a0d08919340616afc888e192a0fe7443b778e76a65ec28f5de098a5b216388,518092.0,0xce0adbb76a8ce7224bec6b586e18743aeb03250a,0x098d731bcb9364def4590f695a86c4e85c25988e,in
0xed182d92f3f9cbe3948d00302588d511427fd8b2,-,Eoa,199.40,0.00%,2023-04-05 09:03:23,0x5a02c3b78c5a93e0d02c350f0a3de7639705455fa69a9293f3c59cfb4529cc96,516537.72400000005,0x1111111254eeb25477b68fb85ed929f73a960582,0xed182d92f3f9cbe3948d00302588d511427fd8b2,in
0xc02bcc2f67ab3a5edb8f119682936719be62b94f,-,Eoa,199.04,0.00%,2023-04-19 02:00:11,0xcaea3cd341219ee5260df948b99a1e6d122c583a2410ca2390222d2ac6af3cea,256455.54,0x23b0b0439335b4a3c5ac9451da31137192356cf4,0xc02bcc2f67ab3a5edb8f119682936719be62b94f,in
0x42c361934131b2aaa053c02cc23da5b742eb7558,-,Eoa,196.16,0.00%,2021-07-27 17:11:27,0xabb7c4a135fe5c35e2d17ede2902b103ba5b6b89541540f452bab1a0ba4ebadb,508157.13439449854,0xfd3dfb524b2da40c8a6d703c62be36b5d8540626,0x42c361934131b2aaa053c02cc23da5b742eb7558,in
0x04d4f52d965c42bb79e270f0f2295601a7014beb,-,Eoa,195.74,0.00%,2024-08-03 21:07:11,0xa3290cf371bb55861aa070382637a52d71bde443a1f50accb5018063f17f6235,181332.2,0x04d4f52d965c42bb79e270f0f2295601a7014beb,0x25ff4b398cd97b5bfbbe68378aae1f23cbe13bba,out
0xff8ba4d1fc3762f6154cc942ccf30049a2a0cec6,Tokka Labs (Altonomy),Eoa,193.86,0.00%,2024-08-15 00:58:35,0x3b4e96729cb42d6f7b7f2ed894413ff943dfee59fcf56ac45cb16044ebcadf25,10677.87934299957,0xff8ba4d1fc3762f6154cc942ccf30049a2a0cec6,0x07e594aa718bb872b526e93eed830a8d2a6a1071,out
0xab95799727dfe3431bf4b52d2bafc6f8a6fac2c3,-,Eoa,190.31,0.00%,2024-08-13 23:28:23,0x025ca433b76397c5c98db0d677fe31d86cecc7da5ff32fe2e0a6a04822f715a6,14477.496577880625,0xab95799727dfe3431bf4b52d2bafc6f8a6fac2c3,0x16588709ca8f7b84829b43cc1c5cb7e84a321b16,out
0xdd06d01966688b4efbe18d789e8e1ddba7bc31f8,-,Eoa,188.36,0.00%,2024-04-29 18:53:23,0x3613cc2d1d0a3238812db727e99ef936b2e8edda27273b0fd857ac711caace80,487957.10749631346,0xb1ebf8f77ae002d487e7bde22c6180be0af6a3d4,0xdd06d01966688b4efbe18d789e8e1ddba7bc31f8,in
0x6ced6e97baab4f441d6342e0e9257e09f1aaff35,-,Eoa,187.11,0.00%,2023-06-07 07:41:23,0x213f92f25134b931e1921e948221822a478e472a5ee5c3978c16585739a8d76b,164074.4679623223,0xba12222222228d8ba445958a75a0704d566bf2c8,0x6ced6e97baab4f441d6342e0e9257e09f1aaff35,in
0xfa2519541bfb618549a2b83cb08b31add75e38d9,-,Eoa,184.67,0.00%,2021-11-29 09:10:14,0x7c71a4d27a34e683609b9096b6cf949370e550fce1ae0f7193bc7812e6389e5a,478403.8724048069,0xba12222222228d8ba445958a75a0704d566bf2c8,0xfa2519541bfb618549a2b83cb08b31add75e38d9,in
0x562b1a2ae43a754086dd693ec380d58a7f8d8dbe,-,Eoa,181.34,0.00%,2022-11-28 15:56:23,0x5e41abd1344f97c6b1175a31d52ebcaefc88daecd92d12189da582c4d298e516,469770.1043268283,0x298ecf6f7dcc66935a195a855d5e681659953bbf,0x562b1a2ae43a754086dd693ec380d58a7f8d8dbe,in
0xdf62f9f9e2ac2400f1528832bb557476803d5d9e,-,Eoa,180.24,0.00%,2022-09-09 12:44:32,0xd5891513babb05264c6c2c6b42da885031fe127195d24604169eebf26e985ec1,466921.26994273235,0xc10b7ca0383f0357edeed233dc806b5229dcf4a5,0xdf62f9f9e2ac2400f1528832bb557476803d5d9e,in
0x4dd3374addfb403ac7c641b21dab3541f6260d2c,-,Eoa,180.00,0.00%,2024-04-23 11:54:11,0x825a21a68fd674c724bc33066fbb586ba88d7205996856164b23afbda4d8a1a9,129523.0,0x4dd3374addfb403ac7c641b21dab3541f6260d2c,0x062bf725dc4cdf947aa79ca2aaccd4f385b13b5c,out
0x49bd1bea24d263090fa4572ffbf197afe9ba738a,-,Eoa,178.84,0.00%,2024-08-05 12:36:35,0xbad78f99406d258387488987be2bdc101d3a709070581e16acb513f53e2e8f8c,90666.1,0x49bd1bea24d263090fa4572ffbf197afe9ba738a,0x88e6a0c2ddd26feeb64f039a2c41296fcb3f5640,out
0xfac44bfdc053a9615c6b0527f44416914628a0c4,-,Eoa,176.31,0.00%,2021-10-11 07:27:59,0x68997359e96bcea1a8d8b2e35191b911698b19c1bf58bd8934dcafd3035ec51a,280321.0676128355,0xa6018520eaacc06c30ff2e1b3ee2c7c22e64196a,0xfac44bfdc053a9615c6b0527f44416914628a0c4,in
0x89d2d4934ee4f1f579056418e6aeb136ee919d65,-,Eoa,175.63,0.00%,2024-05-05 00:14:59,0x7c0623c9f8ae5f6c247e8fe139d552a04b08b13716878282c77bcf13da4bc2d3,314942.2406935908,0xfd6db5011b171b05e1ea3b92f9eacaeeb055e971,0x89d2d4934ee4f1f579056418e6aeb136ee919d65,in
0xfdbd32a1dc9b20b7af1b5f9dc736879cbf143f08,-,Eoa,175.00,0.00%,2023-04-28 21:11:11,0x7666d137a63a545be0dd2c90ea1774f57e95bd850af1a2a55c2ad9a8c6be2867,10361.84,0xc3b24d8b1b27bb5f231fc4b266bdd22a80536f69,0xfdbd32a1dc9b20b7af1b5f9dc736879cbf143f08,in
0x5ea29873fe5957f9c3d65100d7c51731944801c7,-,Eoa,173.00,0.00%,2023-07-02 03:11:47,0x3bdfa9ea461648be01153dac5e5f3466ca0f56972b69fd907c4d88b6c040583a,448149.58,0xf71741c102e5295813912cf3b2fc07bc740a0f1c,0x5ea29873fe5957f9c3d65100d7c51731944801c7,in
0xeb3b9f824c8551a58a427aeaaa1044866bb5e28e,worthalter,Eoa,172.54,0.00%,2020-07-27 00:47:41,0xb18b63a8f35368b39226c84f74f4d99cf0b723afe4dd1a7e9e5d89ad72962080,11021.560533671262,0x693c188e40f760ecf00d2946ef45260b84fbc43e,0xeb3b9f824c8551a58a427aeaaa1044866bb5e28e,in
0x6f2a999383c85903f3a1d13cc30d6afbce67b5d1,-,Eoa,172.06,0.00%,2022-09-21 17:28:35,0x1a1b60022f5a9568fa8b839c853c67230aed38ab18e3969f3f4f7971af43b26e,61918.13140099956,0x9008d19f58aabd9ed0d60971565aa8510560ab41,0x6f2a999383c85903f3a1d13cc30d6afbce67b5d1,in
0x019e0f58a7df4bcabaab8c13bffd7d684473ae11,-,Eoa,170.91,0.00%,2024-05-26 07:54:47,0x3a32d5a28160028522574ce81c8626a3d0d2907f43ad59878572781ded7dcf8c,178741.74,0x019e0f58a7df4bcabaab8c13bffd7d684473ae11,0x86f83c5c8f66360064a4abc6fd01e316a3a97a99,out
0x60f18b1f4522267e5e4ef19a8cf98b652e8022e1,-,Eoa,170.68,0.00%,,,0.0,,,
0x8d6c1eb37bade594bd4657c85022a370a86ad373,-,Eoa,169.13,0.00%,2023-10-05 23:20:23,0xf21f30242c6414f1c73443141f3ea1007a54c1d9f302d2cc559392a54fec67eb,438139.4091809889,0x8eb8a3b98659cce290402893d0123abb75e3ab28,0x8d6c1eb37bade594bd4657c85022a370a86ad373,in
0x7719144fce2013e8c058ce587d75a9a80d6f4cba,-,Eoa,166.81,0.00%,2021-11-17 22:28:08,0x4af129cc301d95d7aceb59915fdfb8bff34db627cfbc3772e5229cf7904b99f9,432136.9447562035,0x70f1c87b22d7371c68e3ea64870833a2a64cf8b3,0x7719144fce2013e8c058ce587d75a9a80d6f4cba,in
0xab5801a7d398351b8be11c439e05c5b3259aec9b,Vitalik,Eoa,165.55,0.00%,2023-03-07 03:16:47,0xe99a5097f8522e0a7587bc3a412add4743d00daab377ad1e3e59618b69c0b9f0,234116.96465982412,0x9008d19f58aabd9ed0d60971565aa8510560ab41,0xab5801a7d398351b8be11c439e05c5b3259aec9b,in
0xffdceb791ff933b813d50771be7d3a31d7e8e076,-,Eoa,165.44,0.00%,2023-04-12 04:07:47,0x8c93454cd3d82c9965030455976f7f8f977e397edea208a4baac258007d8eec7,428583.3126051919,0xbc8021015db2ca0599e0692d63ae6b91564cf026,0xffdceb791ff933b813d50771be7d3a31d7e8e076,in
0x4d5c38f655580641794f42eadf1abc2a54ecb236,-,Eoa,162.94,0.00%,2021-02-15 21:49:28,0x58207155f8846c5fe83959871dbf01e2959ab7eee5ed50e2ab1b340d8635f8ea,215653.72571935697,0x12fd90226e64ecb87bf23c331f316b5b71079728,0x4d5c38f655580641794f42eadf1abc2a54ecb236,in
0x9b0309b6d755e250ddba7753dfc59626d7487ea5,-,Eoa,162.70,0.00%,2024-06-15 18:28:59,0x1e178415d6cc67fe1a02cc3eb32bccf981e859ee85efbc452542f9ec850edb9b,421490.110180611,0xaebbad8cff5d05399e89587ad1f19e952059d7b9,0x9b0309b6d755e250ddba7753dfc59626d7487ea5,in
0xbafdbf6b8ff0105305e7c38d5056b069a8a9bd28,-,Eoa,162.00,0.00%,2024-01-16 09:10:47,0x75c23e536d3b4d091a37c357b5b5653e1dc947d3775a5c3a8fbd0333a6ff7d3b,259060.6015386204,0x161ba096f5d8e6ddafc78332000f0d67741f1659,0xbafdbf6b8ff0105305e7c38d5056b069a8a9bd28,in
0xfec2ade141272f5271febadfca5d21ca30fc04a5,meeseeks.eth,Eoa,161.34,0.00%,2024-01-28 15:08:47,0xb7f06be059c5e26076d9c5e2bde1053344d12c84b612c5ecadee4acde7d9a62b,199327.51482941696,0x00000000000ba9cd9f5175108141a82b6c24d727,0xfec2ade141272f5271febadfca5d21ca30fc04a5,in
0x9bc82dc3ba6b37f21b4f795c151986a12eb1a830,-,Eoa,160.26,0.00%,2024-06-11 17:57:47,0x773aff939c6d00bf13546e427669a7d3028790e1f0557ce61cf72f2215da89a2,15542.76,0x9bc82dc3ba6b37f21b4f795c151986a12eb1a830,0x433a00819c771b33fa7223a5b3499b24fbcd1bbc,out
0x1157a2076b9bb22a85cc2c162f20fab3898f4101,FalconX:4101,Eoa,159.45,0.00%,2024-04-09 01:46:23,0xc65bf50cc3b6353b0841698f4a8c54434474b455a3134b6c96af5bb776a16bea,145752.9798694204,0x1157a2076b9bb22a85cc2c162f20fab3898f4101,0x3f71a3106e6a0d4fb36be00416b4cc2d2991d52f,out
0xfc97ba90a51f947e57d06cbc91a29fc83f472a3f,-,Eoa,159.10,0.00%,2022-10-07 12:53:59,0xebc68ba1e76847db39434712d264fc2fd0688df7371f82b989148b948978c507,81354.638166524,0xdf1dd8f308bd9116f5eb03157bca7ea311010974,0xfc97ba90a51f947e57d06cbc91a29fc83f472a3f,in
0xbcf535b29658e8968b4fcacd858e944529e3acfc,-,Eoa,158.88,0.00%,,,0.0,,,
0x5061bb9f18173aa9a6fd6ba12125c869cd9a5682,-,Eoa,158.15,0.00%,2024-04-22 11:45:35,0x421c8d3c6993ea982096c29db2edd3052b1d336900333ce7c3a7b4f1272eef58,30592.408415792263,0xa98a5bcb3535790c21915c16f739c8e5344b8032,0x5061bb9f18173aa9a6fd6ba12125c869cd9a5682,in
0x85c304cbcba24ec3a64dd18cd6fb42d30c1c0a4b,-,Eoa,157.77,0.00%,2021-02-15 21:46:43,0x31d24f143fd03a73e1ea5eef332431114e7cb6a6e84727a4fb087e47eaf8bfda,199781.41051955853,0xd643d55e03592b63e3187911233f20bc4de5e53a,0x85c304cbcba24ec3a64dd18cd6fb42d30c1c0a4b,in
0xd0692a3e8e17f281f7170badf228d32d3f9e76d3,-,Eoa,156.10,0.00%,2024-08-05 01:45:35,0x7ae36475f8f730d0e8a1cf53da454c7c19048ff476a21f6683fe9e79ad99e8c7,221249.63209780143,0x00000000009e50a7ddb7a7b0e2ee6604fd120e49,0xd0692a3e8e17f281f7170badf228d32d3f9e76d3,in
0x9819aa6277193315f652eb244130f50a80ca722a,-,Eoa,156.00,0.00%,2024-04-06 21:27:11,0xa72e5fef164d3b34af51994ed889dbeb1d1a35e0106d8364e944cce18233d9d5,404111.76,0x81b2f8fc75bab64a6b144aa6d2faa127b4fa7fd9,0x9819aa6277193315f652eb244130f50a80ca722a,in
0x75eb99cb24d4e50653071a896b0900bac2be2acb,-,Eoa,155.30,0.00%,2022-12-14 07:31:23,0x9c73ee428aaeadde6a8c583edc5deedab5aacdfa75180b495469ef0f2f5cda87,402315.0156936107,0x8eb8a3b98659cce290402893d0123abb75e3ab28,0x75eb99cb24d4e50653071a896b0900bac2be2acb,in
0x3ff7215004fea03c2c745e0476e3f412050e04d1,Kraken:Hot Wallet,Eoa,154.75,0.00%,2024-08-13 11:05:11,0xb2bc8ec73e5766e91aacc835bb90cbb8a739a83bb88c5d1650c8d3d276ff85f1,38885.395059999995,0x3ff7215004fea03c2c745e0476e3f412050e04d1,0xcff5c84390c361efc8866c110155c7b792f9f31e,out
0x49a05466179da58d9f4cb73c41a81e6b54549efb,-,Eoa,153.84,0.00%,,,0.0,,,
0x00785c534822928073063bfaebe6c5b3100ab06d,-,Eoa,153.07,0.00%,2023-12-05 20:28:11,0xa6988fc12ea6da566546b570a2475d9da465c29c5e7ad23b71fc62cf26f35f02,396544.44942584605,0xf4561c710ba450aab302ffc3557ee59bbce94ca6,0x00785c534822928073063bfaebe6c5b3100ab06d,in
0xf584f8728b874a6a5c7a8d4d387c9aae9172d621,Jump trading:d621,Eoa,153.06,0.00%,2024-04-25 19:52:47,0x284c416eea05623a1dcbe9bdaa68ece4cce9c5743a121693c1ccab9e3b6e0a0a,2823694.786083,0xf8aae8d5dd1d7697a4ec6f561737e68a2ab8539e,0xf584f8728b874a6a5c7a8d4d387c9aae9172d621,in
0x3cbf175ba7c1f5fbc16a52ce15b09fed60dd483c,-,Eoa,152.77,0.00%,2024-07-29 08:09:11,0x8b66e3b913a12e7b512d014dbe7fd545c3cefc3a6710db108f252ec6f9b43732,119489.45940258862,0x1da5331994e781ab0e2af9f85bfce2037a514170,0x3cbf175ba7c1f5fbc16a52ce15b09fed60dd483c,in
0x3c140a4203f0dce13d692a0785639a919a2695c1,-,Eoa,152.74,0.00%,2024-04-06 17:05:23,0x0026377f2a1ef8aeb6da7a6b5172ef2f27401264e447c46f5efd0393f83f33cb,77713.8,0x3c140a4203f0dce13d692a0785639a919a2695c1,0xc5be99a02c6857f9eac67bbce58df5572498f40c,out
0x348e7399212ba53274a86f7c1f688451945efebe,saik.eth,Eoa,152.55,0.00%,2022-03-01 13:21:24,0xf8fa23d920172723132380069494b54a15da03aa9fc073a0f8bfd3dae09cb55b,69942.42,0x348e7399212ba53274a86f7c1f688451945efebe,0xf0c55da3a8274f6843434df0da437ed4ac0dd310,out
0x1b4aaaec013d4d5028de6882ca1ba3b1fc7be6fe,-,Eoa,152.42,0.00%,,,0.0,,,
0x103357363575f7abfb934d475fcb157af9d199cc,-,Eoa,152.01,0.00%,2024-03-02 20:55:47,0x79287f58cb2b6223ea5182dbd38c96bf8599e94d06b6b07756cab1c608780ab1,392909.27825916494,0xba12222222228d8ba445958a75a0704d566bf2c8,0x103357363575f7abfb934d475fcb157af9d199cc,in
0x168e0c27dfe430c51092b89a2cbad5db35b494fd,-,Eoa,151.34,0.00%,2024-02-11 00:06:35,0x5d672fd12c3d6b943f22ba53f0497be6661ab82ef21a000cb620f7f2b0878223,392063.285027,0xa88800cd213da5ae406ce248380802bd53b47647,0x168e0c27dfe430c51092b89a2cbad5db35b494fd,in
0x7cb769025f9ccfdf2df576bf848479dabf8bf195,-,Eoa,151.28,0.00%,2022-05-01 06:46:54,0xa52fd9dee4a089c735f78e834c6b48b3442bc66f1949b3a07f47a2565f33d5ce,391903.93683190184,0xc564ee9f21ed8a2d8e7e76c085740d5e4c5fafbe,0x7cb769025f9ccfdf2df576bf848479dabf8bf195,in
0xa67ec8737021a7e91e883a3277384e6018bb5776,-,Eoa,151.28,0.00%,2021-09-18 09:34:44,0x53339bb9ab155ae8294a6dad975c45e5a342ef0363cf6bef00620b0d312b796f,388569.0,0x204c87cda5daac87b2fc562bfb5371a0b066229c,0xa67ec8737021a7e91e883a3277384e6018bb5776,in
0x29f1abd903f2293d062307d1ff4e25697a05986f,-,Eoa,150.96,0.00%,2024-02-02 21:41:11,0x1be23111e35193b84fc898a7e4571433d9773f695f057483e3f420b64f6ee106,389635.2980975,0x7e9f74ecfa5054b8672db762a2cb977379f33628,0x29f1abd903f2293d062307d1ff4e25697a05986f,in
0xa2cf14ec07403221fb2b44157ba4f5b527d05479,-,Eoa,150.79,0.00%,2022-11-28 01:28:11,0x62ddc55c1493064a94da87df58c86943d5935625ce105f2736b27c1fa75d4944,129523.0,0x88e6a0c2ddd26feeb64f039a2c41296fcb3f5640,0xa2cf14ec07403221fb2b44157ba4f5b527d05479,in
0x11456f26d6763ed1b0a000a42fc1054a9ed6c57a,-,Eoa,150.00,0.00%,2023-08-07 08:24:23,0x510e2328c7ecaca93a6c4af7950c96e7496ed5884a814cc401a2d4f2938e7ed7,388569.0,0x1111111254eeb25477b68fb85ed929f73a960582,0x11456f26d6763ed1b0a000a42fc1054a9ed6c57a,in
0xd26e7638777f0b55d2cd6e73d7fbaff2b8c5b68d,-,Eoa,147.55,0.00%,2022-05-19 17:39:49,0x625373a2acb84d9a1410d22f06b6090519347be7cb6a89c81b99784d6d47d5c6,382242.19609889074,0xe78388b4ce79068e89bf8aa7f218ef6b9ab0e9d0,0xd26e7638777f0b55d2cd6e73d7fbaff2b8c5b68d,in
0xae7721babd433e07ee107411719afa3a39738b81,-,Eoa,145.82,0.00%,2024-06-21 22:33:11,0x375dbea9da2c13d6b38f0f7190225dc7b4f1a47496ae84de902e862839b42d7d,59580.58,0xae7721babd433e07ee107411719afa3a39738b81,0xe37e799d5077682fa0a244d46e5649f71457bd09,out
0x9f2ca760aa9593d677e0753622e2adda8cc39f1c,-,Eoa,144.52,0.00%,2024-03-14 15:40:59,0x2d4fbe6450740a6b88dee59d1ca98a04cd12f80b48f1848d349d0b4f30bd97bd,155427.6,0x9f2ca760aa9593d677e0753622e2adda8cc39f1c,0x6f1cdbbb4d53d226cf4b917bf768b94acbab6168,out
0xd7b56747935111c90440d7327f261c63e7b9f9c3,-,Eoa,144.00,0.00%,2024-07-30 02:28:35,0x5d4544f4d05a1b9b519a32a0f879f6117888977d4d25a5fba0f983d511f1d948,63543.9838,0xd7b56747935111c90440d7327f261c63e7b9f9c3,0xe37e799d5077682fa0a244d46e5649f71457bd09,out
0x155da45d374a286d383839b1ef27567a15e67528,HundredFinance Exploiter,Eoa,142.63,0.00%,2023-04-15 14:31:35,0x1bf402fdc836e47b3066fbf1cf05e402a02ebe9582a1c1730293de91a22eb5a7,369493.73420475697,0x88e6a0c2ddd26feeb64f039a2c41296fcb3f5640,0x155da45d374a286d383839b1ef27567a15e67528,in
0xbb2d6d4c7eb53f17f4366db8e08aba7579ef327f,-,Eoa,140.91,0.00%,2024-07-28 22:21:35,0x141f3620f8d756269355219d4d2a1fa76e3b3fc1ad97df2050cd0a04ef762af5,128384.30035685057,0x1da5331994e781ab0e2af9f85bfce2037a514170,0xbb2d6d4c7eb53f17f4366db8e08aba7579ef327f,in
0xac397d83ea60a16131abb42ca11975e867c23bf4,-,Eoa,140.28,0.00%,2022-11-25 16:07:47,0xa046fdd8693610cc1dae4bae1c75d665389229db0990a9ab8f1782ea1756012e,124796.92024029467,0x77fb4797db0c418967ba155dcf344aadeafcb250,0xac397d83ea60a16131abb42ca11975e867c23bf4,in
0x155a11eb3ee2a62b0eb20de358553ba8d5be70b8,-,Eoa,139.89,0.00%,2021-07-27 17:32:32,0x2c317f220fdfd87706bf83333cf34c0145f909d5eb7d7d2a557a72fc308b8fd1,108761.89168747353,0xfd3dfb524b2da40c8a6d703c62be36b5d8540626,0x155a11eb3ee2a62b0eb20de358553ba8d5be70b8,in
0x68a9857b0e540e5a800151d3e4a33037191a5dc4,-,Eoa,138.79,0.00%,2024-06-25 07:44:35,0x623aee20ffcc2a3f51eec7c45e2f0466d0aff20855f5577e0d752d03a519d140,17251.204909911678,0xa88800cd213da5ae406ce248380802bd53b47647,0x68a9857b0e540e5a800151d3e4a33037191a5dc4,in
0x77d06cbb077bf827dd1296db55a8c1c9700ec862,-,Eoa,138.67,0.00%,2018-11-13 02:57:32,0xf6e12913deccb5e1e45a1a80723417172bf293c222047836c4b5714a0dc430e4,47923.51,0x306b16a86776d9917883ba666ad0fc4b4310addf,0x77d06cbb077bf827dd1296db55a8c1c9700ec862,in
0x0ab50822485b4bc6f7910eb482f47cac2891dd12,-,Eoa,138.02,0.00%,2021-11-17 21:53:25,0xd7d3b876b84af8d2176ec1322c04b8239d7ae1ce230fc9a38208a4624816258f,357558.30381847214,0xba12222222228d8ba445958a75a0704d566bf2c8,0x0ab50822485b4bc6f7910eb482f47cac2891dd12,in
0xa447b855719c3114545b10b29aabcc4955f99d67,-,Eoa,138.02,0.00%,2024-08-07 04:54:59,0xe4bff6f1c1a610b9fcfde4115732018656f84174dbef75e23b9cffb90deaeb69,12222.696941,0xe37e799d5077682fa0a244d46e5649f71457bd09,0xa447b855719c3114545b10b29aabcc4955f99d67,in
0x6a02f83cda58676da4898dc3ece55cb04bdf3604,-,Eoa,137.86,0.00%,2022-09-21 23:49:47,0xfa4cc81e86a06dca7c3286fb29dcb468151d7b953300c43ee331375098ab1b91,25904.6,0xf2f400c138f9fb900576263af0bc7fcde2b1b8a8,0x6a02f83cda58676da4898dc3ece55cb04bdf3604,in
0x15a28143497dad2c24302baa58ee0cf4447db8f7,-,Eoa,137.85,0.00%,2023-05-04 02:47:23,0xccf0f5f6b8d897106355825092d4ec06294ba992b434e32f600d96ea6b27a82b,15542.76,0x15a28143497dad2c24302baa58ee0cf4447db8f7,0x74de5d4fcbf63e00296fd95d33236b9794016631,out
0x171ef8b34edafce5bbe9680f24b65144114713fe,-,Eoa,137.25,0.00%,2024-08-05 01:34:11,0x3244d5bd431ab9b5adfe5c015af1450a85510586a5be1dba7e5234e18a6119db,434044.6658839848,0x171ef8b34edafce5bbe9680f24b65144114713fe,0x9008d19f58aabd9ed0d60971565aa8510560ab41,out
0x8458dd646fb382ce09f6d4ec82ac42f6d8e0cb2a,-,Eoa,137.20,0.00%,2023-12-31 02:41:47,0x3eb419e6796ecb6d73204c8403b37ff1ba5f5108c292c1e46b6cb1edaaca95f7,233933.25470111202,0x8eb8a3b98659cce290402893d0123abb75e3ab28,0x8458dd646fb382ce09f6d4ec82ac42f6d8e0cb2a,in
0x8a8feacc614fa4b59cc2501f680c28e98e57bd14,-,Eoa,137.02,0.00%,2024-08-05 13:22:47,0xa3484e4f8d75bfdd01f46f32fd30076436d485558684566bc1b0edeb2498a467,323807.5,0x8a8feacc614fa4b59cc2501f680c28e98e57bd14,0x4d5f47fa6a74757f35c14fd3a6ef8e3c9bc514e8,out
0x18af8abb449b7b31590628ff10b9535ec142651d,-,Eoa,136.60,0.00%,2021-02-15 22:39:06,0x75d64581a0f4b7249db395ca2e597efb553bf3d77f0d78c187eaab5adf67ed5f,191810.94959625922,0x3756278972c039b780fabc69ce9e02771e78ca15,0x18af8abb449b7b31590628ff10b9535ec142651d,in
0xa19046129f98f288b5c721e42f3b9fda96a2daea,-,Eoa,135.00,0.00%,2023-03-23 08:02:59,0xa8e147ef0d3b3001101dfe215d867aca252f1929f2e1b4ce9a996dd4a53e8b33,349712.1,0x1111111254eeb25477b68fb85ed929f73a960582,0xa19046129f98f288b5c721e42f3b9fda96a2daea,in
0xa6e9d6229543b82cf963bd4ea5039b4a4acf9c38,-,Eoa,134.59,0.00%,,,0.0,,,
0xd383447f32cf60c93581a92e6a15e0b0242e2dbe,-,Eoa,134.38,0.00%,2022-06-08 11:07:26,0x8f06fe7b8b4435a0e0f360ed4f39ad44d3cf857e0065e57aa6f58f7e351ad7d0,348106.0148,0xe7aa92f4fae1a0a5c6cd16b3c734910c97b4f6d7,0xd383447f32cf60c93581a92e6a15e0b0242e2dbe,in
0xd39f6344c2a59d9b66093a6fe29dac2dfaf4b50f,-,Eoa,133.61,0.00%,2022-02-21 14:06:16,0x8887bafc566f21e1f2ea672e14dafa8430d855d917ae85862a89e7571eeb3a06,94033.69799999999,0x47a946d158744e0bd898c731f9af3c39e333dccb,0xd39f6344c2a59d9b66093a6fe29dac2dfaf4b50f,in
0xf835c48f9cb5939bdcc1d723af576352d922f3bd,-,Eoa,132.89,0.00%,2022-01-22 06:37:56,0xe031562669922d51c05452a96b9232a6e4ae6087d00bad31b1a7b8ad15d7871a,12133.55635315552,0x0a8e31bb5d8f5b3ff2168a68ebddd095c663fdf3,0xf835c48f9cb5939bdcc1d723af576352d922f3bd,in
0x7093f8979a945bcdc52284027929defa99977671,-,Eoa,131.58,0.00%,2022-07-19 13:34:11,0x1e07d967eec659ad98d6c281757cdddf81ecc7d2d5a69ab0d26c92d034f9c589,76532.75209307522,0x7093f8979a945bcdc52284027929defa99977671,0x288931fa76d7b0482f0fd0bca9a50bf0d22b9fef,out
0xfda56cbd86e5576745495839fa925b90638cdd1a,-,Eoa,130.90,0.00%,2022-11-17 15:27:59,0xd2ae7396983b9f105b8723edccee3907cdf8ff85f2bb3c6266a5502f9bb02f90,339106.7596367896,0xf93fbf159466f1e7d9f24278107315893f292d01,0xfda56cbd86e5576745495839fa925b90638cdd1a,in
0xd142c9cfe2f0bef4c14594358fb65aee1b726d2c,-,Eoa,130.61,0.00%,2022-06-21 11:35:43,0x33136cbc20fb7e9c03bc2cb6ab255ac1951dfa0add9d55e71b3866e9bb84251d,259046.0,0xfc78f8e1af80a3bf5a1783bb59ed2d1b10f78ca9,0xd142c9cfe2f0bef4c14594358fb65aee1b726d2c,in
0x86ed1df56c5592d5eb488e97bde8cf981315444a,-,Eoa,130.49,0.00%,2024-06-18 12:46:47,0x397c78d07df1c3bcd163ffa7e14ceca85c8253a6c4aaff7fc4f7a300b92741d3,25904.6,0x86ed1df56c5592d5eb488e97bde8cf981315444a,0x7fb6123f947dff6bd83f2f7a05fa35367abb7ced,out
0x32c8d674e5012e2c2f1fcd82ec650635d137c5c6,-,Eoa,130.20,0.00%,2023-12-23 10:57:47,0x87ed8dbc24da3f4986f306551bcd14ebf6413d503c315dd21705506a6a4f2cb8,25904.6,0x32c8d674e5012e2c2f1fcd82ec650635d137c5c6,0x9008d19f58aabd9ed0d60971565aa8510560ab41,out
0xceac353a508f8db8b353707c2f2b52b01f6c420f,-,Eoa,130.00,0.00%,2022-01-15 08:47:53,0xbad0520e70cc2d72a0c254fe21359a0f8c8b40ffdf70f47a705c049a0db74d03,336759.8,0x48a6bbe6e5a2663eb8a7911f8886e21f2718194f,0xceac353a508f8db8b353707c2f2b52b01f6c420f,in
0x40895b2578041a5c284cd3b49b332d3aadf7162e,-,Eoa,127.74,0.00%,,,0.0,,,
0x3c00e5fa53e1e36bfa765586c6be660ae805dc13,-,Eoa,127.58,0.00%,2022-11-15 12:23:47,0x277809b54aa14ca0e62fb8519efc2cc97f5fc5c583e618b2efd64cca288f91e2,74405.20029278239,0xc563c201fd129d0851ad03759f260c210c02780b,0x3c00e5fa53e1e36bfa765586c6be660ae805dc13,in
0x46c9ff6740dccb6d3761f01a87aea8676707813f,-,Eoa,126.73,0.00%,2023-06-22 22:15:59,0xf412cc94a7930083049b7ba8cc6733f2cf4bcc1e0aac440d46cedd7bcf211c50,91054.669,0xce841f783dc6d9df256af36b1cf6b3a52aa57cdc,0x46c9ff6740dccb6d3761f01a87aea8676707813f,in
0xe19eeef2431194a9e6d1822ecb5bea42cb5a8a9f,-,Eoa,125.31,0.00%,2024-07-29 17:14:59,0x8e8f5f52812be72101dd58b49c33b6ca3813df9569fba01fede7cc0cd22e7247,323807.5,0xe19eeef2431194a9e6d1822ecb5bea42cb5a8a9f,0x04b28ccf37828978140643525961d20099e63668,out
0x6d64492e2b90f25f8db3033942560377e166ab99,-,Eoa,125.03,0.00%,2023-03-11 04:21:47,0x19a2a33765ca15573932810afc5e49ac009e0676c6c2d3e64799aa79ddd20cca,290131.52,0x88e6a0c2ddd26feeb64f039a2c41296fcb3f5640,0x6d64492e2b90f25f8db3033942560377e166ab99,in
0xc570f70660bcfa5547f7dd7d5a71e6cdda2b643b,-,Eoa,124.95,0.00%,2024-01-18 17:17:59,0xceb966a2bab0b734cdd797c5bf5cac5696270454b9f0477090d2f58c22eba05d,501341.826594,0xc570f70660bcfa5547f7dd7d5a71e6cdda2b643b,0xba6e9102c5578a0eca3d6bf57ca3c2b7432b731c,out
0xc75695fb95aeaec5e8f8faf906ee1e1be4e646a3,-,Eoa,124.91,0.00%,2022-06-16 01:09:09,0x06723066d25a2cdabbeab6500e1eb9d8be5f167bcf49cf68edd12b4728ce5d2a,118947.58707169461,0x88e6a0c2ddd26feeb64f039a2c41296fcb3f5640,0xc75695fb95aeaec5e8f8faf906ee1e1be4e646a3,in
0xe91c300be1bcf91fbe15b972e735cce2c7e15877,-,Eoa,124.82,0.00%,2022-01-08 21:04:45,0x3545933fc5e23f8d3ee6a3c3cc7bc9ec052b37dd1582a77fff109bbd12586369,328539.1125162645,0x22f9dcf4647084d6c31b2765f6910cd85c178c18,0xe91c300be1bcf91fbe15b972e735cce2c7e15877,in
0xc8ef9ca7ef1f15ebe3d95c4bffa2693f97dadd10,-,Eoa,123.00,0.00%,2024-05-21 18:58:23,0xb7e5daf43b5050355fafb64746551a6cea98280e545d3718ea618e39c27a2b06,33675.98,0xc8ef9ca7ef1f15ebe3d95c4bffa2693f97dadd10,0x605ac04c77b70ef58509a5b61cadbe2c11069999,out
0x14964f90c2af0ba725545cfdd5a9daec99f89f81,-,Eoa,121.35,0.00%,2024-08-05 04:30:35,0x97753c90a873162ce954728aa86f260b0bdd91750d0e62568b6db4c78bdc11c9,27438.76417183973,0x5b93d80da1a359340d1f339fb574bdc56763f995,0x14964f90c2af0ba725545cfdd5a9daec99f89f81,in
0xb835f812d6b3e112975b2fb2ef3755958ef57f8c,-,Eoa,120.80,0.00%,2024-04-09 18:48:35,0x8636623bc2e7e5ba35febbe569e9c228047be26775dd1fef00a34021a1848abf,15542.76,0xb835f812d6b3e112975b2fb2ef3755958ef57f8c,0x22f9dcf4647084d6c31b2765f6910cd85c178c18,out
0x40af4db8b013da2c9915ace9f408b564f584839d,-,Eoa,120.43,0.00%,2024-08-09 16:41:59,0x25d8567a4b7119570c926a9bf20b9eb688c436119580e896125c9ef9690b1b4f,30530.33432409518,0x3b960e47784150f5a63777201ee2b15253d713e8,0x40af4db8b013da2c9915ace9f408b564f584839d,in
0x35ed163479cbd7db9bb8a7adbcb680f368a89501,wmapan.eth,Eoa,120.01,0.00%,2024-08-01 17:49:35,0x3eb0b2c92887156baf2ab598738e9ba73df3f245331413785007020980f60645,308264.74,0x35ed163479cbd7db9bb8a7adbcb680f368a89501,0x2338b8f3673803b7103b898c2f87ea65e93ada6f,out
0xe4f5058d3b9fb5229e5568cfbbc2b9754f85984f,-,Eoa,120.00,0.00%,2024-07-23 06:08:35,0x4cda102c24f2fd144e78b6d3d88d2c400cb9448b7293e36759be329d13940aee,310855.2,0x59cd1c87501baa753d0b5b5ab5d8416a45cd71db,0xe4f5058d3b9fb5229e5568cfbbc2b9754f85984f,in
0x907ae5a8eaa88c5ee3b8545b9039a70d7067553f,-,Eoa,119.63,0.00%,2024-08-14 06:15:35,0xa92e6fc6d369b7bb397b00296702375a3691ef974123961534dfb02adb3d5c33,11418.121021893805,0x5c6919b79fac1c3555675ae59a9ac2484f3972f5,0x907ae5a8eaa88c5ee3b8545b9039a70d7067553f,in
0x0a53e28f2f7b27971e18a6305c2c74a449badd2e,reasonablysizedwallet.eth,Eoa,119.07,0.00%,2024-02-19 07:11:11,0x2c0a85e5dd673fd3015bff514c7dd6bb5d684e4ba000dc2ebcb32b1dfb0ea180,296512.4676890345,0x9008d19f58aabd9ed0d60971565aa8510560ab41,0x0a53e28f2f7b27971e18a6305c2c74a449badd2e,in
0xe0594cac9a1a41e10b4136fbcd818dd5060070ca,-,Eoa,118.59,0.00%,2024-08-05 06:49:47,0x622306cf81792154c1dde7122d6d06caef2f9cff96cb0b6edd4c868405a41618,51809.2,0xe0594cac9a1a41e10b4136fbcd818dd5060070ca,0x9008d19f58aabd9ed0d60971565aa8510560ab41,out
0x3a679beb5f2945f73af55a69e73117dc74de7f5f,-,Eoa,117.73,0.00%,2022-06-28 16:20:35,0x27b3b2a85d3e4a8f104b8ca3891b5d0b902ff23fdc545fa050c3fdc9ed81cc75,304360.86123361276,0xe78388b4ce79068e89bf8aa7f218ef6b9ab0e9d0,0x3a679beb5f2945f73af55a69e73117dc74de7f5f,in
0xdab9ea172e9c90019b65095da811c75006e1ff27,-,Eoa,116.63,0.00%,2023-04-20 13:37:23,0x2c4f7548e54163d347597b19133160dd6b4f58f213fabccdad1abc15a93ca625,302129.48370763194,0xa0dd8e6c5440a424cd19f5ec30f8fa485e814247,0xdab9ea172e9c90019b65095da811c75006e1ff27,in
0x81d3553afae0aeaf901f3e64e3dbc7d012ce46f4,-,Eoa,116.45,0.00%,2024-02-07 04:22:23,0xa94963f77326aaa9d5b975d52e743ded4e2d9e469e18a6ec3d43be85a0c0a610,94428.83623880215,0x6c1a1dc92d6f7fbbbd2888ed9e7e94b09f32c503,0x81d3553afae0aeaf901f3e64e3dbc7d012ce46f4,in
0xf6b5342f3da0ccabd08d34085501b7fd8cc9976d,-,Eoa,114.85,0.00%,2024-08-12 13:24:59,0x6bdfc15a048793acba20b703a29c6cb7288ce180aa6a56aec96b9c337d8ef3b2,13144.222430949834,0x5aea97b6b539f8649edc53497444c07b3a7e365f,0xf6b5342f3da0ccabd08d34085501b7fd8cc9976d,in
